시제,문장 (빈칸 포함),동사 기본형,정답,번역,설명,레벨,규칙/불규칙
현재형,Yo siempre ( ) con mi madre los domingos.,hablar,hablo,나는 일요일마다 어머니와 통화한다.,빈도 부사 'siempre'와 함께 반복되는 습관을 나타내므로 1인칭 단수 현재형을 씁니다.,A1,규칙
현재형,Los estudiantes ( ) en la cafetería ahora mismo.,comer,comen,학생들은 지금 구내식당에서 밥을 먹는다.,ahora mismo'는 현재 진행 중인 동작이나 사실을 나타내므로 3인칭 복수 현재형이 적합합니다.,A1,규칙
현재형,Mi abuela ( ) en un pueblo muy tranquilo.,vivir,vive,할머니는 매우 조용하고 작은 마을에 사신다.,거주지와 같은 지속적인 현재 상태는 직설법 현재형으로 표현합니다.,A1,규칙
현재형,¿Tú ( ) español todos los días?,estudiar,estudias,너는 매일 스페인어를 공부하니?,todos los días'는 반복적인 일상을 의미하므로 2인칭 단수 현재형을 사용합니다.,A1,규칙
현재형,Mi padre ( ) en una oficina del centro.,trabajar,trabaja,아버지는 시내의 한 사무실에서 일하신다.,직업이나 직장 같은 일반적인 사실을 서술할 때 3인칭 단수 현재형을 씁니다.,A1,규칙
현재형,Nosotros ( ) música clásica para relajarnos.,escuchar,escuchamos,우리는 휴식을 위해 클래식 음악을 듣는다.,주어 'Nosotros'의 취미나 습관을 나타내는 1인칭 복수 현재형입니다.,A1,규칙
현재형,Ellas ( ) ropa nueva cada temporada.,comprar,compran,그녀들은 시즌마다 새 옷을 산다.,주기적인 쇼핑 습관을 묘사하므로 3인칭 복수 어미(-an)를 사용합니다.,A1,규칙
현재형,"Usted ( ) el periódico cada mañana, ¿verdad?",leer,lee,당신은 매일 아침 신문을 읽으시죠?,"존칭 'Usted'는 3인칭 단수 동사 변화를 따르며, 습관적 행위를 나타냅니다.",A1,규칙
현재형,Yo ( ) un correo electrónico al profesor.,escribir,escribo,나는 교수님께 이메일을 쓴다.,현재 시점에서 수행하는 동작을 나타내는 1인칭 단수(-o) 형태입니다.,A1,규칙
현재형,Los niños ( ) muchas cosas en la escuela.,aprender,aprenden,아이들은 학교에서 많은 것을 배운다.,학교에서의 일반적인 학습 활동을 설명하므로 3인칭 복수 현재형을 씁니다.,A1,규칙
현재형,La tienda ( ) sus puertas a las nueve.,abrir,abre,그 가게는 9시에 문을 연다.,정해진 영업 시간이나 스케줄은 현재 시제로 표현합니다.,A1,규칙
현재형,Vosotros ( ) por el parque el fin de semana.,caminar,camináis,너희들은 주말에 공원을 산책한다.,2인칭 복수 'Vosotros'에 해당하는 규칙 동사 어미(-áis)를 사용합니다.,A1,규칙
현재형,Ella no ( ) alcohol porque es menor.,beber,bebe,그녀는 미성년자라 술을 마시지 않는다.,변하지 않는 사실이나 원칙을 설명할 때 3인칭 단수 현재형을 사용합니다.,A1,규칙
현재형,Los atletas ( ) muy rápido en la pista.,correr,corren,선수들은 트랙에서 매우 빠르게 달린다.,주어(선수들)의 일반적인 능력을 묘사하므로 3인칭 복수 현재형입니다.,A1,규칙
현재형,Nosotros ( ) salsa en las fiestas.,bailar,bailamos,우리는 파티에서 살사를 춘다.,반복적인 여가 활동을 나타내므로 1인칭 복수 어미(-amos)를 사용합니다.,A1,규칙
단순과거,Ayer yo ( ) muy cansado tras el viaje.,estar,estuve,어제 여행 후 나는 매우 피곤했다.,Ayer'라는 과거 시점의 일시적 상태를 나타내므로 estar의 단순과거형을 씁니다.,A2,불규칙
불완료과거,"Cuando era niño, yo ( ) muy tímido.",ser,era,어렸을 때 나는 매우 수줍음이 많았다.,과거의 지속적인 성격이나 상태를 묘사할 때는 불완료과거(반과거)를 사용합니다.,A2,불규칙
단순과거,"El año pasado, nosotros ( ) a México.",ir,fuimos,작년에 우리는 멕시코에 갔다.,완료된 과거 시점(작년)의 이동을 나타내므로 ir의 단순과거형을 씁니다.,A2,불규칙
불완료과거,"Antes, tú no ( ) tiempo para cocinar.",tener,tenías,예전에 너는 요리할 시간이 없었다.,과거의 지속적인 상황이나 결핍을 설명하므로 불완료과거를 사용합니다.,A2,규칙
단순과거,"Anoche, ellos ( ) una fiesta sorpresa.",hacer,hicieron,어젯밤 그들은 깜짝 파티를 열었다.,특정 시점(어젯밤)에 완료된 행위이므로 hacer의 불규칙 단순과거형입니다.,A2,불규칙
불완료과거,"Mientras yo leía, mi hermana ( ) la tele.",ver,veía,내가 책을 읽는 동안 동생은 TV를 보고 있었다.,과거의 배경적 상황이나 동시에 진행되던 동작은 불완료과거로 표현합니다.,A2,불규칙
단순과거,El profesor me ( ) el libro necesario.,dar,dio,선생님은 필요한 책을 내게 주셨다.,과거의 일회성 사건(주다)이므로 dar의 단순과거 3인칭 단수형을 씁니다.,A2,불규칙
단순과거,Ella me ( ) que no podría venir.,decir,dijo,그녀는 올 수 없다고 내게 말했다.,과거 특정 시점의 발화 내용은 decir의 불규칙 단순과거형을 사용합니다.,A2,불규칙
현재완료,Esta semana no me ( ) el abrigo.,poner,he puesto,이번 주는 코트를 입지 않았다.,현재와 연결된 시간(이번 주) 내의 경험이므로 현재완료(haber+p.p)를 씁니다.,A2,불규칙(분사)
단순과거,Ustedes ( ) de la oficina muy tarde.,salir,salieron,당신들은 사무실에서 아주 늦게 나갔습니다.,과거의 완료된 동작(나가다)을 서술하므로 3인칭 복수 단순과거형입니다.,A2,규칙
불완료과거,"De joven, él ( ) ser astronauta.",querer,quería,젊었을 때 그는 우주비행사가 되고 싶어 했다.,과거의 막연한 소망이나 의도는 불완료과거로 표현합니다.,A2,규칙
단순과거,"Finalmente, nosotros ( ) terminarlo.",poder,pudimos,마침내 우리는 그것을 끝낼 수 있었다.,특정 시점에 달성한(성공한) 능력은 poder의 단순과거형을 사용합니다.,A2,불규칙
불완료과거,Yo no ( ) que la tienda cerraba hoy.,saber,sabía,나는 오늘 가게가 닫는 줄 몰랐다.,과거의 인지 상태(알다/모르다)는 주로 불완료과거로 나타냅니다.,A2,규칙
현재완료,¿Alguna vez ( ) vosotros aquí?,venir,habéis venido,너희들은 여기에 와본 적이 있니?,경험을 묻는 'Alguna vez'는 현재완료 시제와 함께 사용됩니다.,A2,불규칙(분사)
단순과거,El tren ( ) con retraso a la estación.,llegar,llegó,기차는 역에 늦게 도착했다.,도착이라는 사건의 완료를 나타내므로 단순과거 3인칭 단수형을 씁니다.,A2,규칙
현재완료,Hoy mis padres ya ( ) de viaje.,volver,han vuelto,오늘 부모님은 여행에서 이미 돌아오셨다.,Hoy'를 포함한 가까운 과거의 완료된 일은 현재완료를 사용합니다.,A2,불규칙(분사)
단순과거,La película ( ) hace cinco minutos.,empezar,empezó,영화는 5분 전에 시작했다.,Hace ~' 구문으로 명시된 과거 시점의 사건은 단순과거를 씁니다.,A2,규칙
불완료과거,Antes los niños ( ) en la calle.,jugar,jugaban,예전에 아이들은 거리에서 놀곤 했다.,과거의 반복적인 습관이나 풍경 묘사에는 불완료과거가 적합합니다.,A2,규칙
단순과거,Anoche no ( ) bien por el ruido.,dormir,dormí,어젯밤 소음 때문에 잘 자지 못했다.,특정 밤의 사건을 서술하므로 단순과거 1인칭 단수형(어간 변화 없음)을 씁니다.,A2,규칙
현재완료,Nunca ( ) a nadie tan amable.,conocer,he conocido,그렇게 친절한 사람은 만나본 적이 없다.,과거부터 현재까지의 경험(부정)을 나타낼 때 현재완료를 사용합니다.,A2,규칙
단순미래,"El próximo año, yo ( ) a Europa.",viajar,viajaré,내년에 나는 유럽으로 여행 갈 것이다.,미래의 계획이나 예정된 일을 말할 때 단순미래 시제를 사용합니다.,B1,규칙
접속법 현재,Es importante que tú ( ) las reglas.,respetar,respetes,네가 규칙을 존중하는 것은 중요하다.,가치 판단을 나타내는 'Es importante que' 뒤에는 접속법 현재가 옵니다.,B1,규칙
단순미래,"Mañana lloverá, así que no ( ) la ropa.",tender,tenderemos,내일 비가 올 테니 우리는 빨래를 널지 않을 것이다.,날씨 예측에 따른 미래의 행동을 추측하므로 미래형을 사용합니다.,B1,규칙
접속법 현재,Dudo que ellos ( ) la verdad.,contar,cuenten,나는 그들이 진실을 말할지 의심스럽다.,의심(Dudar)을 나타내는 동사 뒤 종속절에는 접속법(어간 변화 포함)을 씁니다.,B1,불규칙(어간)
단순미래,Algún día yo ( ) un coche deportivo.,conducir,conduciré,언젠가 나는 스포츠카를 운전할 것이다.,막연한 미래의 희망이나 계획을 나타내므로 단순미래형을 사용합니다.,B1,규칙
접속법 현재,Ojalá que mi equipo ( ) el partido.,ganar,gane,우리 팀이 경기에서 이기기를 바란다.,소망을 비는 'Ojalá' 구문 뒤에는 항상 접속법을 사용합니다.,B1,규칙
접속법 현재,Te recomiendo que ( ) más agua.,tomar,tomes,물을 더 많이 마실 것을 추천한다.,추천이나 조언(recomendar) 뒤의 종속절에는 접속법이 옵니다.,B1,규칙
단순미래,"En el futuro, todo ( ) radicalmente.",cambiar,cambiará,미래에는 모든 것이 급격히 변할 것이다.,미래에 대한 예측을 나타내므로 3인칭 단수 미래형을 사용합니다.,B1,규칙
접속법 현재,No creo que esa solución ( ).,servir,sirva,그 해결책이 도움이 될 거라 생각하지 않는다.,부정적 의견(No creo que)은 현실의 불확실성을 내포하므로 접속법을 씁니다.,B1,불규칙(어간)
가능법,"Si tuviera tiempo, lo ( ).",conseguir,conseguiría,시간이 있다면 해낼 수 있을 텐데.,현재 사실 반대 가정(조건문)의 귀결절에는 가능법(조건법)을 사용합니다.,B1,규칙
접속법 현재,Es necesario que vosotros lo ( ) hoy.,enviar,enviéis,너희들은 오늘 그것을 보내야 한다.,필요성을 나타내는 비인칭 구문 뒤에 접속법 2인칭 복수형을 씁니다.,B1,규칙
접속법 현재,Me alegra que te ( ) mejor hoy.,sentirse,sientas,네가 오늘 기분이 더 나아져서 기쁘다.,감정(alegrarse)을 나타내는 동사 뒤 종속절에는 접속법을 사용합니다.,B1,불규칙(어간)
접속법 현재,Mamá quiere que ( ) mi cuarto.,ordenar,ordene,엄마는 내가 방을 정리하기를 원하신다.,주어의 의지(querer)가 다른 대상에게 향할 때 접속법을 사용합니다.,B1,규칙
가능법,"Yo que tú, no le ( ) a tus padres.",mentir,mentiría,내가 너라면 부모님께 거짓말하지 않을 텐데.,조언을 나타내는 'Yo que tú' 구문 뒤에는 가능법이 옵니다.,B1,규칙
접속법 현재,Busco a alguien que ( ) traducir esto.,traducir,traduzca,이것을 번역할 줄 아는 사람을 찾습니다.,선행사가 불특정할 때(찾고 있는 중) 관계절 동사는 접속법을 씁니다.,B1,불규칙
가능법,"Si fuera un pájaro, ( ) muy alto.",volar,volaría,내가 새라면 아주 높이 날 텐데.,현재 사실과 반대되는 상상(가정법)의 결과절에는 가능법을 사용합니다.,B2,규칙
과거완료,"Al llegar, la clase ya ( ).",terminar,había terminado,도착했을 때 수업은 이미 끝나 있었다.,과거의 특정 시점(도착)보다 먼저 일어난 대과거 사건입니다.,B2,규칙
접속법 과거,El jefe exigió que ( ) el informe.,entregar,entregáramos,상사는 우리가 보고서를 제출할 것을 요구했다.,주절이 과거(exigió)이고 명령/요구를 나타내므로 접속법 과거를 씁니다.,B2,규칙
가능법 완료,"Si hubieras estudiado, ( ).",aprobar,habrías aprobado,네가 공부했다면 합격했을 텐데.,과거 사실 반대 가정의 결과절에는 'haber 가능법 + 과거분사'를 씁니다.,B2,규칙
접속법 과거,Le pedí que ( ) todo el crimen.,confesar,confesara,나는 그에게 범죄 사실 전부를 자백하라고 요청했다.,과거의 요청(pedí)에 따른 종속절의 행위는 접속법 과거로 일치시킵니다.,B2,규칙
과거완료,Jamás ( ) un evento así.,presenciar,había presenciado,나는 그런 사건을 목격한 적이 한 번도 없었다.,과거의 기준 시점 이전에 경험하지 못한 일을 대과거로 표현합니다.,B2,규칙
접속법 과거,No era posible que ( ) tal cosa.,imaginar,imaginaras,네가 그런 일을 상상했을 리가 없다.,과거의 부정적 판단(No era posible) 뒤에 접속법 과거가 따릅니다.,B2,규칙
접속법 과거완료,"Si no ( ) el bus, habría llegado.",perder,hubieras perdido,버스를 놓치지 않았더라면 도착했을 텐데.,과거 사실 반대 가정의 조건절(If)에는 접속법 과거완료를 씁니다.,B2,규칙
접속법 과거,Mis padres querían que yo ( ) más.,exigir,exigiera,부모님은 내가 더 요구하기를 원하셨다.,주절이 불완료과거(querían)이므로 종속절도 접속법 과거로 시제 일치시킵니다.,B2,규칙
과거완료,Vi que el vaso se ( ) en pedazos.,romper,había roto,나는 컵이 산산조각 나 있는 것을 보았다.,보았을 때(Vi) 이미 깨져 있었으므로 대과거(과거완료)를 사용합니다.,B2,불규칙(분사)
현재형,Yo siempre ( ) tostadas con mantequilla.,desayunar,desayuno,나는 항상 버터 바른 토스트를 아침으로 먹는다.,아침 식사 습관(siempre)을 나타내므로 1인칭 단수 현재형을 사용합니다.,A1,규칙
현재형,Nosotros ( ) muy tarde los fines de semana.,cenar,cenamos,우리는 주말마다 매우 늦게 저녁을 먹는다.,반복되는 일상적인 행위를 설명하므로 1인칭 복수 현재형을 씁니다.,A1,규칙
현재형,Mi madre ( ) paella los domingos.,cocinar,cocina,어머니는 일요일마다 파에야를 요리하신다.,주어(Mi madre)의 습관적인 동작을 묘사하므로 3인칭 단수 현재형입니다.,A1,규칙
현재형,¿Tú ( ) tu habitación todos los días?,limpiar,limpias,너는 매일 네 방을 청소하니?,Todos los días'라는 빈도 부사구와 함께 쓰인 습관적 행위입니다.,A1,규칙
현재형,Ellos ( ) los platos después de comer.,lavar,lavan,그들은 식사 후에 설거지를 한다.,일상적인 집안일(규칙적인 일)을 나타내므로 3인칭 복수 현재형을 씁니다.,A1,규칙
현재형,Usted ( ) el museo cada mes.,visitar,visita,당신은 매달 그 박물관을 방문합니다.,존칭(Usted) 주어에 일치하는 3인칭 단수 동사 변화를 사용합니다.,A1,규칙
현재형,Vosotros ( ) ayuda con la tarea.,necesitar,necesitáis,너희들은 숙제하는 데 도움이 필요하다.,현재의 상태나 필요를 나타내므로 2인칭 복수 현재형을 사용합니다.,A1,규칙
현재형,Ella ( ) el ordenador para trabajar.,usar,usa,그녀는 일하기 위해 컴퓨터를 사용한다.,도구 사용이라는 일반적인 사실을 서술하므로 3인칭 단수입니다.,A1,규칙
현재형,Los pájaros ( ) en el árbol cada mañana.,cantar,cantan,새들은 매일 아침 나무에서 노래한다.,자연 현상이나 동물의 일반적인 행동 양식을 묘사합니다.,A1,규칙
현재형,Yo ( ) en la piscina municipal los martes.,nadar,nado,나는 화요일마다 시립 수영장에서 수영한다.,특정 요일(Los martes)마다 반복되는 운동 습관을 나타냅니다.,A1,규칙
현재형,El niño ( ) un sol en su cuaderno.,dibujar,dibuja,그 아이는 공책에 해를 그린다.,현재 진행 중이거나 일반적인 놀이 활동을 묘사합니다.,A1,규칙
현재형,Nosotras ( ) yoga en el gimnasio.,practicar,practicamos,우리(여자)는 체육관에서 요가를 연습한다.,취미나 운동 활동을 설명하는 1인칭 복수 현재형입니다.,A1,규칙
현재형,Él ( ) en el sofá después del trabajo.,descansar,descansa,그는 퇴근 후에 소파에서 쉰다.,일과 후의 휴식이라는 반복적 패턴을 나타냅니다.,A1,규칙
현재형,¿Qué ( ) tú en el cajón?,buscar,buscas,너는 서랍에서 무엇을 찾고 있니?,현재 시점에서 행하고 있는 구체적인 동작을 묻습니다.,A1,규칙
현재형,Ustedes ( ) la cuenta en efectivo.,pagar,pagan,당신들은 현금으로 계산합니다.,상점에서의 일반적인 지불 행위를 묘사합니다.,A1,규칙
단순과거,Yo ( ) en Madrid en 1995.,nacer,nací,나는 1995년에 마드리드에서 태어났다.,출생은 과거의 특정 시점에 완료된 일회성 사건이므로 단순과거입니다.,A2,규칙
단순과거,El famoso escritor ( ) ayer a los 90 años.,morir,murió,그 유명한 작가는 어제 90세의 나이로 사망했다.,사망(어제)은 명확한 종료 시점이 있는 사건이므로 3인칭 단수 단순과거(o->u 변화)를 씁니다.,A2,불규칙(어간)
단순과거,"De repente, el vaso se ( ) al suelo.",caer,cayó,갑자기 컵이 바닥으로 떨어졌다.,순간적인 사건(떨어짐)을 묘사하며 3인칭에서 y가 들어가는 불규칙 변화입니다.,A2,불규칙(철자)
단순과거,¿Tú me ( ) este regalo?,traer,trajiste,네가 나에게 이 선물을 가져왔니?,과거에 물건을 가져온 행위가 완료되었음을 묻습니다(j 불규칙).,A2,불규칙(어간)
단순과거,Nosotros no ( ) el timbre de la puerta.,oír,oímos,우리는 초인종 소리를 듣지 못했다.,특정 과거 시점에 감각적으로 인지하지 못한 사실을 나타냅니다.,A2,불규칙
단순과거,La fábrica ( ) mil coches el mes pasado.,producir,produjo,그 공장은 지난달에 자동차 천 대를 생산했다.,지난달'이라는 완료된 기간 동안의 성과를 나타냅니다(c->j 불규칙).,A2,불규칙(어간)
단순과거,Ellos ( ) todo el día por la montaña.,andar,anduvieron,그들은 하루 종일 산을 걸어 다녔다.,하루 종일'이라는 기간 동안 지속된 후 완료된 행위입니다(uv 불규칙).,A2,불규칙(어간)
단순과거,Yo no ( ) en el coche pequeño.,caber,cupe,나는 그 작은 차에 들어갈 수 없었다.,과거 특정 상황에서 공간에 들어갈 수 없었던 사실(완료)을 나타냅니다.,A2,불규칙(어간)
불완료과거,A mí me ( ) los dulces de pequeño.,encantar,encantaban,나는 어렸을 때 사탕을 매우 좋아했다.,과거의 지속적인 취향이나 기호를 나타낼 때는 불완료과거를 씁니다.,A2,규칙
불완료과거,A ella le ( ) mucho la cabeza ayer.,doler,dolía,어제 그녀는 머리가 많이 아팠다.,과거의 신체적 통증이나 상태 묘사는 불완료과거를 주로 사용합니다.,A2,규칙
불완료과거,Todo ( ) muy tranquilo esa noche.,parecer,parecía,그날 밤 모든 것이 매우 평화로워 보였다.,과거 상황의 분위기나 느낌을 묘사하는 배경적 서술입니다.,A2,규칙
불완료과거,Nosotros ( ) ir al cine los viernes.,soler,solíamos,우리는 금요일마다 영화관에 가곤 했다.,과거의 규칙적인 습관(soler)은 항상 불완료과거로 씁니다.,A2,규칙
불완료과거,La entrada ( ) mucho dinero antes.,costar,costaba,예전에는 입장료가 비쌌다.,과거의 가격이나 가치 상태를 설명합니다.,A2,규칙
불완료과거,"Mientras ( ), nosotros leíamos.",llover,llovía,"비가 오는 동안, 우리는 책을 읽었다.",다른 사건(독서)의 배경이 되는 날씨 상태를 묘사합니다.,A2,규칙
불완료과거,En invierno siempre ( ) en esta zona.,nevar,nevaba,겨울에는 이 지역에 항상 눈이 내렸다.,과거의 반복적인 기상 현상을 나타냅니다.,A2,규칙
현재완료,He ( ) un gran secreto.,descubrir,descubierto,나는 큰 비밀을 하나 발견했다.,발견한 사실이 현재까지 영향을 미치고 있음을 나타냅니다(불규칙 분사).,A2,불규칙(분사)
현재완료,La nieve ha ( ) todo el camino.,cubrir,cubierto,눈이 길 전체를 덮어버렸다.,눈이 덮인 상태가 현재 지속되고 있음을 강조합니다.,A2,불규칙(분사)
현재완료,¿Ya has ( ) el problema matemático?,resolver,resuelto,너는 이미 그 수학 문제를 풀었니?,문제 해결의 완료 여부를 묻는 현재완료 시제입니다.,A2,불규칙(분사)
현재완료,Ella ha ( ) las patatas para la cena.,freír,frito,그녀는 저녁을 위해 감자를 튀겼다.,요리 행위가 완료되어 결과물이 있음을 나타냅니다.,A2,불규칙(분사)
현재완료,No hemos ( ) el billete de avión.,imprimir,impreso,우리는 비행기 표를 인쇄하지 않았다.,표가 준비되지 않은 현재 상태를 설명합니다.,A2,불규칙(분사)
단순미래,Yo ( ) mi casa el próximo año.,vender,venderé,나는 내년에 집을 팔 것이다.,미래의 계획이나 의도를 명확히 표현합니다.,B1,규칙
단순미래,Los precios ( ) el mes que viene.,subir,subirán,다음 달에 가격이 오를 것이다.,경제 상황에 대한 미래 예측입니다.,B1,규칙
단순미래,Tú ( ) de peso con esa dieta.,bajar,bajarás,너는 그 식단이면 살이 빠질 것이다.,조건에 따른 미래의 결과를 예측합니다.,B1,규칙
단순미래,Te aseguro que él lo ( ).,prometer,prometerá,장담하건대 그는 그것을 약속할 것이다.,제3자의 행동에 대한 화자의 확신을 담은 추측/예측입니다.,B1,규칙
접속법 현재,Espero que me ( ) por el error.,perdonar,perdones,네가 내 실수를 용서해 주기를 바란다.,희망/기대(Espero que) 뒤에 오는 종속절에는 접속법을 사용합니다.,B1,규칙
접속법 현재,Es raro que él ( ) mi cumpleaños.,olvidar,olvide,그가 내 생일을 잊다니 이상하다.,감정적 판단(Es raro que)을 나타내는 주절 뒤에는 접속법이 옵니다.,B1,규칙
접속법 현재,Prohíben que nosotros ( ) aquí.,fumar,fumemos,그들은 우리가 여기서 담배 피우는 것을 금지한다.,금지(Prohibir)를 나타내는 동사 뒤에는 접속법을 사용합니다.,B1,규칙
접속법 현재,No permito que ( ) en mi casa.,entrar,entres,나는 네가 내 집에 들어오는 것을 허락하지 않는다.,허락/금지(Permitir 부정) 뒤 종속절은 접속법을 취합니다.,B1,규칙
접속법 현재,Te aconsejo que ( ) a la reunión.,asistir,asistas,나는 네가 회의에 참석할 것을 조언한다.,조언(Aconsejar)을 나타내는 동사 뒤에는 접속법을 씁니다.,B1,규칙
접속법 현재,Sugiero que ellos ( ) el menú.,elegir,elijan,나는 그들이 메뉴를 고르기를 제안한다.,제안(Sugerir) 뒤 종속절에는 접속법(e->i 어간 변화)을 사용합니다.,B1,불규칙(어간)
접속법 현재,Insisto en que usted ( ) un poco.,esperar,espere,나는 당신이 조금 기다리기를 고집한다/요청한다.,강한 요구(Insistir) 뒤에는 접속법을 사용해야 합니다.,B1,규칙
접속법 현재,Me molesta que los vecinos ( ).,gritar,griten,이웃들이 소리 지르는 것이 나를 짜증 나게 한다.,감정적 반응(Me molesta que)의 원인이 되는 사실은 접속법으로 표현합니다.,B1,규칙
접속법 현재,Le sorprende que yo lo ( ).,intentar,intente,그는 내가 그것을 시도한다는 것에 놀라워한다.,놀람(Sorprender)을 나타내는 감정 동사 뒤에 접속법을 씁니다.,B1,규칙
접속법 현재,Niego que el resultado ( ) fácil.,resultar,resulte,나는 결과가 쉽게 나올 것이라는 점을 부인한다.,부인(Negar)은 불확실성을 내포하므로 접속법을 사용합니다.,B1,규칙
가능법,Ese cuadro antiguo ( ) millones.,valer,valdría,저 오래된 그림은 수백만 달러의 가치가 나갈 텐데.,추측이나 가정을 나타내는 가능법(d 삽입 불규칙)입니다.,B1,불규칙(어간)
접속법 과거,El jefe quería que ( ) a Juan.,contratar,contratáramos,상사는 우리가 후안을 고용하기를 원했다.,주절이 과거(quería)이므로 종속절도 접속법 과거로 시제 일치시킵니다.,B2,규칙
접속법 과거,Tenía miedo de que me ( ).,despedir,despidieran,나는 해고당할까 봐 두려웠다.,과거의 두려움(Tenía miedo) 뒤에 접속법 과거(e->i 변화)를 씁니다.,B2,불규칙(어간)
접속법 과거,"Si ( ) dinero, viajarías más.",ahorrar,ahorraras,"네가 돈을 모은다면, 더 많이 여행할 텐데.",현재 사실 반대 가정(If절)에는 접속법 과거를 사용합니다.,B2,규칙
접속법 과거,Fue bueno que ( ) en oro.,invertir,invirtieras,네가 금에 투자한 것은 잘한 일이었다.,과거의 가치 판단(Fue bueno que) 뒤에 접속법 과거(e->ie 변화)가 옵니다.,B2,불규칙(어간)
과거완료,"Cuando llegué, ya ( ) la luz.",apagar,habían apagado,내가 도착했을 때 그들은 이미 불을 껐었다.,도착 시점보다 이전에 완료된 동작(대과거)을 나타냅니다.,B2,규칙
과거완료,El fuego ya se ( ) solo.,encender,había encendido,불은 이미 저절로 켜져 있었다.,기준이 되는 과거 시점 이전에 발생한 상태 변화입니다.,B2,불규칙(분사)
과거완료,No vi dónde ( ) el coche.,aparcar,habías aparcado,네가 차를 어디에 주차했는지 나는 보지 못했다.,내가 보지 못한 시점(과거)보다 주차가 먼저 일어났습니다.,B2,규칙
가능법 완료,Yo habría ( ) un coche mejor.,alquilar,alquilado,나라면 더 좋은 차를 빌렸을 텐데.,과거에 실현되지 못한 대안적 상황을 가정합니다.,B2,규칙
가능법 완료,¿Habrías ( ) el hotel con tiempo?,reservar,reservado,너라면 미리 호텔을 예약했겠니?,과거 상황에 대한 가상의 질문(가정법 완료 귀결절)입니다.,B2,규칙
가능법 완료,"Si hubiera sabido, habría ( ).",cancelar,cancelado,알았더라면 취소했을 텐데.,과거 사실 반대 가정의 결과절(취소했을 것이다)입니다.,B2,규칙
현재형,Yo ( ) la televisión por la noche.,mirar,miro,나는 밤에 텔레비전을 본다.,특별한 의미 없이 '보다'라는 일반적인 행위를 나타내는 1인칭 단수 현재형입니다.,A1,규칙
현재형,Nosotros no ( ) la lección de hoy.,comprender,comprendemos,우리는 오늘 수업을 이해하지 못한다.,인지적 상태(이해하다)를 나타내는 1인칭 복수 현재형입니다.,A1,규칙
현재형,Tú ( ) muchas cartas de tus fans.,recibir,recibes,너는 팬들에게 많은 편지를 받는다.,반복적으로 일어나는 수령 행위를 나타내므로 2인칭 단수 현재형을 씁니다.,A1,규칙
현재형,El alumno ( ) a la pregunta del profesor.,responder,responde,그 학생은 선생님의 질문에 대답한다.,대화 상황에서의 반응을 나타내는 3인칭 단수 현재형입니다.,A1,규칙
현재형,Ellas ( ) por el precio de la camisa.,preguntar,preguntan,그녀들은 셔츠 가격을 묻는다.,정보를 요청하는 일반적인 행위를 묘사하므로 3인칭 복수 현재형입니다.,A1,규칙
현재형,El maestro ( ) matemáticas a los niños.,enseñar,enseña,그 선생님은 아이들에게 수학을 가르친다.,직업적인 행위나 일상적인 활동을 설명하는 3인칭 단수형입니다.,A1,규칙
현재형,Vosotros ( ) a todos vuestros amigos a la fiesta.,invitar,invitáis,너희들은 파티에 모든 친구를 초대한다.,2인칭 복수 주어(Vosotros)에 해당하는 규칙 동사 변화(-áis)입니다.,A1,규칙
현재형,Los conejos ( ) muy alto en el campo.,saltar,saltan,토끼들은 들판에서 매우 높이 뛴다.,동물의 일반적인 움직임이나 특성을 묘사합니다.,A1,규칙
현재형,Yo nunca ( ) basura en la calle.,tirar,tiro,나는 절대 길거리에 쓰레기를 버리지 않는다.,부정어(nunca)와 함께 쓰여 평소의 습관이나 원칙을 나타냅니다.,A1,규칙
현재형,El peluquero me ( ) el pelo una vez al mes.,cortar,corta,미용사는 한 달에 한 번 내 머리를 자른다.,주기적인 서비스 이용을 나타내는 3인칭 단수 현재형입니다.,A1,규칙
현재형,Mi hija ( ) cuadros con acuarelas.,pintar,pinta,내 딸은 수채화로 그림을 그린다.,취미 활동이나 예술적 행위를 묘사하는 현재 시제입니다.,A1,규칙
현재형,El bebé ( ) cuando tiene hambre.,llorar,llora,아기는 배가 고플 때 운다.,조건(배고픔)에 따른 본능적 반응을 나타냅니다.,A1,규칙
현재형,Usted ( ) el piano maravillosamente.,tocar,toca,당신은 피아노를 훌륭하게 연주합니다.,악기 연주 능력을 칭찬하거나 서술할 때 사용하는 존칭 단수형입니다.,A1,규칙
현재형,Nosotros no ( ) mucho dinero en ropa.,gastar,gastamos,우리는 옷에 돈을 많이 쓰지 않는다.,소비 습관을 나타내는 1인칭 복수 현재형입니다.,A1,규칙
현재형,Los peatones ( ) la calle por el paso de cebra.,cruzar,cruzan,보행자들은 횡단보도로 길을 건넌다.,교통 법규나 일반적인 보행 습관을 설명합니다.,A1,규칙
단순과거,Los ingenieros ( ) este puente en un año.,construir,construyeron,기술자들은 1년 만에 이 다리를 건설했다.,"과거의 특정 기간에 완료된 건설 행위이며, 3인칭 복수에서 y가 삽입됩니다.",A2,불규칙(철자)
단순과거,El terremoto ( ) varios edificios antiguos.,destruir,destruyó,지진이 오래된 건물 몇 채를 파괴했다.,자연재해로 인한 완료된 파괴를 나타내며 3인칭 단수에서 y 변화가 일어납니다.,A2,불규칙(철자)
단순과거,El ladrón ( ) cuando vio a la policía.,huir,huyó,도둑은 경찰을 보자마자 달아났다.,경찰을 본 순간(특정 시점) 발생한 도주 행위입니다.,A2,불규칙(철자)
단순과거,El perro me ( ) hasta mi casa.,seguir,siguió,개가 우리 집까지 나를 따라왔다.,목적지까지의 추적 행위가 완료되었음을 나타내며 e->i 어간 변화가 있습니다.,A2,불규칙(어간)
단순과거,La policía ( ) al sospechoso por dos horas.,perseguir,persiguió,경찰은 두 시간 동안 용의자를 뒤쫓았다.,추격전이 일정 시간 지속된 후 종료되었음을 나타냅니다(e->i).,A2,불규칙(어간)
단순과거,Ella me ( ) al verme entrar.,sonreír,sonrió,그녀는 내가 들어오는 것을 보고 미소 지었다.,순간적인 반응으로서의 미소를 나타내며 3인칭에서 e->i 변화가 일어납니다.,A2,불규칙(어간)
단순과거,Yo me ( ) rápidamente esta mañana.,vestirse,vestí,나는 오늘 아침 빠르게 옷을 입었다.,오늘 아침이라는 완료된 시점의 재귀적 동작입니다(e->i).,A2,불규칙(어간)
단순과거,Nosotros nos ( ) tarde el domingo pasado.,despertarse,despertamos,우리는 지난 일요일에 늦게 깼다.,1인칭 복수 단순과거형은 현재형과 형태가 같지만 문맥(el domingo pasado)으로 구별합니다.,A2,규칙
단순과거,Los niños se ( ) temprano ayer.,acostarse,acostaron,아이들은 어제 일찍 잠자리에 들었다.,어제 발생한 취침 행위를 나타내는 재귀동사 과거형입니다.,A2,규칙
단순과거,¿A qué hora te ( ) tú hoy?,levantarse,levantaste,너는 오늘 몇 시에 일어났니?,오늘 일어난 기상 시간을 묻는 질문으로 완료된 동작입니다.,A2,규칙
불완료과거,No me ( ) nada lo que decían.,importar,importaba,나는 그들이 하는 말이 전혀 중요하지 않았다.,과거의 심리적 상태나 태도를 나타내는 구문(Gustar류 동사)입니다.,A2,규칙
불완료과거,A Juan le ( ) mucho la historia.,interesar,interesaba,후안은 역사에 관심이 많았다.,과거의 지속적인 흥미나 관심사를 설명할 때 불완료과거를 씁니다.,A2,규칙
불완료과거,La película nos ( ) un poco.,aburrir,aburría,그 영화는 우리를 조금 지루하게 했다.,과거 상황이 준 느낌이나 감정을 묘사합니다.,A2,규칙
불완료과거,"En aquella época, yo ( ) las verduras.",odiar,odiaba,그 시절에 나는 채소를 싫어했다.,과거의 지속적인 기호(혐오)를 나타냅니다.,A2,규칙
불완료과거,Todo el mundo lo ( ) por su valentía.,admirar,admiraba,모든 사람이 그의 용감함 때문에 그를 존경했다.,과거의 사회적 평판이나 지속적인 감정을 서술합니다.,A2,규칙
현재완료,El resultado no me ha ( ).,satisfacer,satisfecho,결과가 나를 만족시키지 못했다.,과거의 결과가 현재의 불만족 상태로 이어짐을 나타냅니다(분사 불규칙).,A2,불규칙(분사)
현재완료,¿Ya has ( ) el libro a la biblioteca?,devolver,devuelto,너는 도서관에 책을 이미 반납했니?,반납이라는 행위의 완료 여부를 묻습니다(분사 불규칙).,A2,불규칙(분사)
현재완료,He ( ) el regalo en papel rojo.,envolver,envuelto,나는 선물을 빨간 종이로 포장했다.,포장이 완료된 상태를 강조합니다(분사 불규칙).,A2,불규칙(분사)
현재완료,El músico ha ( ) una nueva canción.,componer,compuesto,그 음악가는 새 노래를 작곡했다.,창작 활동의 결과물이 있음을 나타냅니다(분사 불규칙).,A2,불규칙(분사)
현재완료,Ellos se han ( ) a la nueva ley.,oponer,opuesto,그들은 새 법안에 반대했다.,반대 입장을 표명한 상태가 지속됨을 의미합니다(분사 불규칙).,A2,불규칙(분사)
단순미래,Yo ( ) a mi familia pase lo que pase.,mantener,mantendré,무슨 일이 있어도 나는 가족을 부양할 것이다.,강한 의지를 나타내는 미래형으로 d가 삽입되는 불규칙 변화입니다.,B1,불규칙(어간)
단순미래,Él ( ) mi bolso mientras yo busco las llaves.,sostener,sostendrá,내가 열쇠를 찾는 동안 그가 내 가방을 들고 있을 것이다.,미래의 특정 순간에 일어날 도움 행위를 예측합니다.,B1,불규칙(어간)
단순미래,La policía ( ) al criminal pronto.,detener,detendrá,경찰은 곧 범인을 체포할 것이다.,확신에 찬 미래 예측을 나타냅니다.,B1,불규칙(어간)
단순미래,Vosotros ( ) mejores resultados si estudiáis.,obtener,obtendréis,공부한다면 너희는 더 나은 결과를 얻을 것이다.,조건절(si estudiáis)에 따른 미래의 결과를 나타냅니다.,B1,불규칙(어간)
가능법,"Yo que tú, ( ) más mi salud.",cuidar,cuidaría,내가 너라면 건강을 더 돌볼 텐데.,조언을 나타내는 'Yo que tú' 가정 상황의 결과절입니다.,B1,규칙
접속법 현재,La lluvia ( ) que salgamos de casa.,impedir,impida,비가 우리가 집에서 나가는 것을 막는다.,"주절(직설법)이 사실을 진술하고 있지만 종속절(salgamos) 유도 동사로 쓰입니다. (주의: 이 문장은 직설법 문제). 수정: 문맥상 주어인 비가 방해한다는 사실 전달. (직설법 사용). 죄송합니다, 접속법 유도 동사로 변경하겠습니다. Es posible que la lluvia impida... -> 아니요, 문장을 바꾸겠습니다. -> Espero que nada ( ) nuestro viaje. (아무것도 우리 여행을 방해하지 않기를 바란다.) -> 정답: impida",impedir,impida
접속법 현재,El general ordena que los soldados ( ).,marchar,marchen,장군은 병사들이 행군할 것을 명령한다.,명령(ordenar)을 나타내는 동사 뒤의 종속절은 접속법을 취합니다.,B1,규칙
접속법 현재,No dejes que el perro ( ) en el sofá.,subir,suba,개가 소파에 올라오게 두지 마라.,허용/방임(dejar)의 부정 명령 뒤에 접속법이 따릅니다.,B1,규칙
접속법 현재,Te ruego que me ( ) otra oportunidad.,dar,des,네가 나에게 또 다른 기회를 주기를 간청한다.,간청(rogar)은 강한 소망을 나타내므로 접속법 불규칙형(dar->des)을 씁니다.,B1,불규칙
접속법 현재,Le suplico que no ( ) a la policía.,llamar,llame,경찰을 부르지 말라고 그에게 애원한다.,애원(suplicar) 뒤 종속절에는 접속법을 사용합니다.,B1,규칙
접속법 현재,Ella no cree que él ( ) el premio.,merecer,merezca,그녀는 그가 상을 받을 자격이 있다고 생각하지 않는다.,불확실성/부정(No cree que) 뒤에는 접속법(z->zc 변화)을 씁니다.,B1,불규칙(어간)
접속법 현재,Me gusta que me ( ) los favores.,agradecer,agradezcas,네가 호의에 고마워해서 기분이 좋다.,감정(Gustar)의 원인이 되는 사실은 접속법(z->zc 변화)으로 표현합니다.,B1,불규칙(어간)
접속법 현재,Es necesario que ( ) el visado con antelación.,solicitar,solicites,사전에 비자를 신청하는 것이 필요하다.,필요성(Es necesario)을 나타내는 비인칭 구문 뒤에 접속법을 씁니다.,B1,규칙
접속법 현재,No es justo que nos ( ) sin saber la verdad.,juzgar,juzguéis,진실을 모르면서 우리를 판단하는 것은 공정하지 않다.,가치 판단(No es justo) 뒤에 접속법(g->gu 철자 변화)을 씁니다.,B1,불규칙(철자)
접속법 현재,Propongo que ( ) una reunión mañana.,organizar,organicemos,내일 회의를 조직(개최)할 것을 제안한다.,제안(Proponer) 뒤 종속절에는 접속법(z->c 철자 변화)을 사용합니다.,B1,불규칙(철자)
접속법 과거,El rey mandó que todos ( ).,callar,callaran,왕은 모두가 침묵할 것을 명령했다.,주절이 과거(mandó)의 명령이므로 종속절은 접속법 과거를 씁니다.,B2,규칙
접속법 과거,Me sorprendió que tú me ( ) en la decisión.,apoyar,apoyaras,네가 결정에서 나를 지지해 줘서 놀랐다.,과거의 감정(sorprendió) 원인을 나타내며 접속법 과거를 사용합니다.,B2,규칙
접속법 과거,Era improbable que ella ( ) la oferta.,rechazar,rechazara,그녀가 그 제안을 거절할 것 같지는 않았다.,과거의 불확실성(improbable)을 나타내므로 접속법 과거가 옵니다.,B2,규칙
접속법 과거,"Si ellos ( ) nuestras condiciones, firmaríamos.",aceptar,aceptaran,"그들이 우리 조건을 받아들인다면, 우리는 서명할 텐데.",현재 사실 반대 가정(If절)에는 접속법 과거를 사용합니다.,B2,규칙
접속법 과거,El médico sugirió que yo ( ) aire puro.,respirar,respirara,의사는 내가 맑은 공기를 마실 것을 제안했다.,과거의 제안(sugirió)에 따른 내용이므로 시제 일치를 위해 접속법 과거를 씁니다.,B2,규칙
과거완료,El profesor borró lo que ( ) en la pizarra.,escribir,había escrito,선생님은 칠판에 썼던 것을 지우셨다.,지운 시점(과거)보다 먼저 쓴 행위(대과거)입니다(분사 불규칙).,B2,불규칙(분사)
과거완료,Nunca ( ) tanto dinero en el banco.,guardar,había guardado,나는 은행에 그렇게 많은 돈을 저축해 본 적이 없었다.,과거 특정 시점 이전의 경험 부재를 나타냅니다.,B2,규칙
과거완료,Ellos ya ( ) el video cuando llegué.,grabar,habían grabado,내가 도착했을 때 그들은 이미 비디오를 녹화했었다.,도착하기 전에 완료된 녹화 행위를 설명합니다.,B2,규칙
과거완료,El incendio ( ) todo el bosque antes de la lluvia.,quemar,había quemado,비가 오기 전에 화재가 숲 전체를 태워버렸었다.,비가 온 과거 시점보다 이전에 일어난 사건입니다.,B2,규칙
과거완료,El niño ( ) el juguete bajo la cama.,esconder,había escondido,아이는 침대 밑에 장난감을 숨겨두었었다.,발견되거나 언급된 시점 이전에 숨긴 행위입니다.,B2,규칙
현재형,Yo ( ) el suelo de la cocina cada día.,barrer,barro,나는 매일 부엌 바닥을 쓴다.,일상적인 집안일(청소)을 나타내는 1인칭 단수 현재형입니다.,A1,규칙
현재형,¿Tú ( ) gafas para leer?,llevar,llevas,너는 독서할 때 안경을 쓰니?,착용 상태나 습관을 묻는 2인칭 단수 현재형입니다.,A1,규칙
현재형,Nosotros ( ) felices vacaciones para todos.,desear,deseamos,우리는 모두에게 행복한 휴가를 기원한다.,바람이나 소망을 나타내는 1인칭 복수 현재형입니다.,A1,규칙
현재형,Yo ( ) que mañana hará buen tiempo.,creer,creo,나는 내일 날씨가 좋을 것이라고 믿는다(생각한다).,화자의 의견이나 믿음을 나타내는 직설법 현재형입니다.,A1,규칙
현재형,A la sopa le ( ) un poco de sal.,faltar,falta,수프에 소금이 조금 부족하다.,Gustar' 동사처럼 주어가 사물(소금)인 구문입니다.,A1,규칙
현재형,El autobús ( ) por esta calle cada hora.,pasar,pasa,버스는 매시간 이 거리를 지나간다.,교통수단의 정해진 경로 이동을 나타냅니다.,A1,규칙
현재형,Los estudiantes ( ) estudiar más para el examen.,deber,deben,학생들은 시험을 위해 더 공부해야 한다.,의무를 나타내는 조동사적 용법의 3인칭 복수형입니다.,A1,규칙
현재형,El museo no ( ) hacer fotos con flash.,permitir,permite,박물관은 플래시를 터뜨려 사진 찍는 것을 허용하지 않는다.,규정이나 규칙에 의한 허용 여부를 설명합니다.,A1,규칙
현재형,El profesor ( ) la gramática claramente.,explicar,explica,선생님은 문법을 명확하게 설명하신다.,수업 중의 일반적인 행위를 묘사합니다.,A1,규칙
현재형,Un accidente ( ) cuando no tienes cuidado.,ocurrir,ocurre,사고는 주의하지 않을 때 발생한다.,일반적인 인과 관계나 사건의 발생을 나타냅니다.,A1,규칙
현재형,Nosotros ( ) el piso con otros estudiantes.,compartir,compartimos,우리는 다른 학생들과 아파트를 공유한다(쉐어하우스).,주거 형태나 소유의 공유 상태를 설명합니다.,A1,규칙
현재형,Ellas ( ) dónde ir de viaje.,decidir,deciden,그녀들은 여행을 어디로 갈지 결정한다.,의사 결정 과정을 나타내는 3인칭 복수 현재형입니다.,A1,규칙
현재형,La madre ( ) a su hijo antes de dormir.,besar,besa,엄마는 잠들기 전 아이에게 키스한다.,애정 표현의 반복적인 동작을 나타냅니다.,A1,규칙
현재형,Los ciudadanos ( ) a su país.,amar,aman,시민들은 자신의 나라를 사랑한다.,지속적인 감정 상태를 묘사하는 3인칭 복수형입니다.,A1,규칙
현재형,Yo no ( ) lo que dices.,entender,entiendo,나는 네가 말하는 것을 이해하지 못한다.,인지 능력을 나타내며 어간 모음 변화(e->ie)가 일어납니다.,A1,불규칙(어간)
단순과거,Ayer me ( ) en el banco del parque.,sentarse,senté,어제 나는 공원 벤치에 앉았다.,앉는 동작이 완료된 과거 사건임을 나타냅니다(재귀동사).,A2,불규칙(어간)
단순과거,Tú te ( ) con agua fría esta mañana.,bañarse,bañaste,너는 오늘 아침 찬물로 목욕했다.,아침에 완료된 목욕 행위를 묘사합니다.,A2,규칙
단순과거,Ella se ( ) antes de salir de casa.,peinarse,peinó,그녀는 집을 나서기 전에 머리를 빗었다.,외출 준비의 일환으로 완료된 동작입니다.,A2,규칙
단순과거,Nosotros nos ( ) en casa por la lluvia.,quedarse,quedamos,우리는 비 때문에 집에 머물렀다.,특정 이유로 인한 체류 행위(완료)를 나타냅니다.,A2,규칙
단순과거,Mis padres se ( ) mucho por mí.,preocuparse,preocuparon,부모님은 나 때문에 많이 걱정하셨다.,과거의 특정 사건으로 인한 심리적 반응(걱정)입니다.,A2,규칙
불완료과거,El público ( ) a carcajadas durante el show.,reír,reía,관객들은 쇼가 진행되는 동안 크게 웃고 있었다.,과거의 진행 중인 감정 표현이나 배경 동작을 묘사합니다.,A2,불규칙(어간)
단순과거,Yo ( ) la sopa y estaba deliciosa.,probar,probé,나는 수프를 맛보았고 아주 맛있었다.,맛을 보는 일회성 행위가 완료되었습니다.,A2,규칙
단순과거,Juan ( ) un bocadillo al mediodía.,almorzar,almorzó,후안은 정오에 샌드위치로 점심을 먹었다.,"점심 식사라는 구체적 사건을 서술합니다(z->c 철자 변화 주의, 3인칭은 규칙).",A2,규칙
단순과거,Los niños ( ) galletas con leche.,merendar,merendaron,아이들은 우유와 쿠키로 간식을 먹었다.,오후 간식을 먹은 행위가 완료되었습니다.,A2,불규칙(어간)
단순과거,El teléfono ( ) en medio de la noche.,sonar,sonó,한밤중에 전화벨이 울렸다.,정적을 깨는 순간적인 소리의 발생을 나타냅니다.,A2,규칙
불완료과거,"De niño, yo ( ) con ser piloto.",soñar,soñaba,어렸을 때 나는 조종사가 되는 꿈을 꾸곤 했다.,과거의 반복적인 상상이나 희망을 묘사합니다.,A2,규칙
단순과거,La clase ( ) a las ocho en punto.,comenzar,comenzó,수업은 8시 정각에 시작했다.,시작 시점이 명확한 과거 사건입니다(z->c 철자 변화).,A2,불규칙(철자)
단순과거,Por fin ( ) las llaves perdidas.,encontrar,encontré,마침내 잃어버린 열쇠를 찾았다.,발견이라는 결과적 사건의 완료를 나타냅니다.,A2,규칙
불완료과거,Mi abuelo siempre ( ) viejas historias.,recordar,recordaba,할아버지는 항상 옛날이야기들을 기억하셨다.,과거의 지속적인 기억 상태나 습관적인 회상을 나타냅니다.,A2,규칙
단순과거,El perro le ( ) la mano al ladrón.,morder,mordió,개가 도둑의 손을 물었다.,순간적으로 발생한 신체적 공격 행위입니다.,A2,규칙
단순과거,¿A qué hora ( ) tú del trabajo?,regresar,regresaste,너는 몇 시에 직장에서 돌아왔니?,귀가라는 동작의 완료 시점을 묻습니다.,A2,규칙
불완료과거,Nosotros ( ) horas sin darnos cuenta.,charlar,charlábamos,우리는 시간 가는 줄 모르고 몇 시간 동안 수다를 떨었다.,과거의 지속적인 대화 행위를 묘사합니다.,A2,규칙
단순과거,Ella me ( ) un secreto al oído.,susurrar,susurró,그녀는 내 귀에 비밀을 속삭였다.,일회성의 은밀한 발화 행위를 나타냅니다.,A2,규칙
단순과거,Alguien me ( ) la cartera en el metro.,robar,robó,누군가 지하철에서 내 지갑을 훔쳐갔다.,도난당한 구체적인 사건(완료)을 서술합니다.,A2,규칙
단순과거,El actor ( ) en Hollywood tras años de esfuerzo.,triunfar,triunfó,그 배우는 수년간의 노력 끝에 할리우드에서 성공했다.,성공이라는 결과적 사건의 달성을 나타냅니다.,A2,규칙
접속법 현재,No es seguro que el tiempo ( ).,predecir,prediga,날씨를 예측하는 것은 확실하지 않다.,불확실성(No es seguro)을 나타내므로 접속법을 씁니다.,B1,불규칙
접속법 현재,Busca un libro que ( ) información histórica.,contener,contenga,그는 역사적 정보를 담고 있는 책을 찾는다.,선행사가 불특정(찾고 있는 대상)하므로 접속법을 씁니다.,B1,불규칙
가능법,"Si tuviera fondos, ( ) de más recursos.",disponer,dispondría,자금이 있다면 더 많은 자원을 가용할 텐데.,현재 사실 반대 가정의 결과절에 사용되는 가능법입니다.,B1,불규칙(어간)
접속법 현재,Es vital que no te ( ) al sol mucho tiempo.,exponer,expongas,네가 오랫동안 햇볕에 노출되지 않는 것이 필수적이다.,비인칭 구문의 필요성/중요성 뒤에 접속법이 옵니다.,B1,불규칙(어간)
단순미래,La nueva ley se ( ) el próximo mes.,imponer,impondrá,새 법은 다음 달에 시행(부과)될 것이다.,미래에 확정된 계획이나 시행을 나타냅니다.,B1,불규칙(어간)
접속법 현재,Queremos una publicidad que ( ) a los jóvenes.,atraer,atraiga,우리는 젊은이들을 끌어들이는 광고를 원한다.,원하는 불특정 대상을 묘사하는 관계절에 접속법을 씁니다.,B1,불규칙(어간)
단순미래,El ruido te ( ) de tus estudios.,distraer,distraerá,소음이 너의 공부를 방해할 것이다.,미래에 발생할 방해 요소를 예측합니다.,B1,규칙
접속법 현재,Haremos lo que más ( ) a todos.,convenir,convenga,우리는 모두에게 가장 적합한 것을 할 것이다.,미래의 불확실한 상황이나 조건을 나타내는 관계절입니다.,B1,불규칙
가능법,La policía ( ) si fuera necesario.,intervenir,intervendría,필요하다면 경찰이 개입할 텐데.,조건(si fuera necesario)에 따른 가상의 행동을 나타냅니다.,B1,불규칙(어간)
접속법 현재,Exijo que usted ( ) las normas.,obedecer,obedezca,나는 당신이 규정을 준수할 것을 요구한다.,강한 요구(Exigir) 뒤 종속절에는 접속법(z->zc)을 씁니다.,B1,불규칙(어간)
접속법 현재,No creo que la empresa nos ( ) un aumento.,ofrecer,ofrezca,회사가 우리에게 임금 인상을 제안할 거라 생각지 않는다.,부정적 추측(No creo que) 뒤에 접속법(z->zc)이 따릅니다.,B1,불규칙(어간)
접속법 현재,Es mejor que ( ) el consumo de plástico.,reducir,reduzcamos,플라스틱 소비를 줄이는 것이 더 낫다.,가치 판단(Es mejor que) 뒤에 접속법 1인칭 복수형을 씁니다.,B1,불규칙(어간)
단순미래,Pronto ( ) un nuevo sistema de pago.,introducir,introduciré,곧 나는 새로운 결제 시스템을 도입할 것이다.,화자의 미래 계획이나 의도를 나타냅니다.,B1,규칙
접속법 현재,Es lógico que ellos ( ) la respuesta.,deducir,deduzcan,그들이 답을 추론해내는 것은 논리적이다.,비인칭 구문의 판단 뒤에 접속법(z->zc)을 사용합니다.,B1,불규칙(어간)
접속법 현재,Quiero que el vestido ( ) perfecto.,lucir,luzca,드레스가 완벽해 보이기를 원한다.,소망(Querer) 뒤 종속절에 접속법(z->zc)을 사용합니다.,B1,불규칙(어간)
과거완료,La esponja ya ( ) toda el agua.,absorber,había absorbido,스펀지는 이미 모든 물을 흡수했었다.,과거 특정 시점 이전에 완료된 상태를 나타냅니다.,B2,규칙
접속법 과거,Intenté que él se ( ) de su error.,convencer,convenciera,나는 그가 자신의 실수를 납득하도록 시도했다.,과거의 시도(Intenté)에 따른 목적절에는 접속법 과거를 씁니다.,B2,규칙
접속법 과거,Era necesario que el abogado ( ) presión.,ejercer,ejerciera,변호사가 압력을 행사하는 것이 필요했다.,과거 시점의 필요성을 나타내므로 접속법 과거(z->c)를 씁니다.,B2,규칙
과거완료,Nosotros nunca ( ) a ese rival.,vencer,habíamos vencido,우리는 그 라이벌을 이겨본 적이 없었다.,과거 시점까지의 경험 부재를 대과거로 표현합니다.,B2,규칙
접속법 과거,El viento hizo que las hojas se ( ).,esparcir,esparcieran,바람이 나뭇잎들을 흩어지게 만들었다.,사역 동사(hacer)의 과거형 뒤에 접속법 과거가 옵니다.,B2,규칙
과거완료,El director ya ( ) dos películas antes.,dirigir,había dirigido,감독은 그 전에 이미 영화 두 편을 연출했었다.,기준이 되는 과거보다 더 앞선 경험을 나타냅니다.,B2,규칙
접속법 과거,No me gustó que ella ( ) estar enferma.,fingir,fingiera,그녀가 아픈 척한 것이 나는 마음에 들지 않았다.,과거의 감정 반응에 대한 원인을 접속법 과거로 표현합니다.,B2,규칙
접속법 과거,Le dije que ( ) el taxi.,coger,cogiera,나는 그에게 택시를 타라고 말했다.,과거의 지시나 명령 내용을 접속법 과거로 전달합니다.,B2,규칙
접속법 과거,Era importante que tú ( ) tus datos.,proteger,protegieras,네가 너의 데이터를 보호하는 것은 중요했다.,과거의 중요성 판단 뒤에 접속법 과거를 사용합니다.,B2,규칙
과거완료,"Cuando llegué, él ya ( ) sus cosas.",recoger,había recogido,내가 도착했을 때 그는 이미 짐을 챙겼었다.,도착 시점 이전에 완료된 정리 행위(대과거)입니다.,B2,규칙
현재형,Yo ( ) a mi hermano con la tarea.,ayudar,ayudo,나는 동생의 숙제를 돕는다.,현재 시점에서 수행하는 돕는 행위를 나타내는 1인칭 단수 현재형입니다.,A1,규칙
현재형,La tienda ( ) a las diez de la noche.,cerrar,cierra,그 가게는 밤 10시에 문을 닫는다.,정해진 폐점 시간을 나타내며 어간 모음 변화(e->ie)가 일어납니다.,A1,불규칙(어간)
현재형,Nosotros ( ) el té al café.,preferir,preferimos,우리는 커피보다 차를 선호한다.,기호나 선호를 나타내며 1인칭 복수(Nosotros)에서는 어간 변화가 없습니다.,A1,규칙
현재형,¿Qué ( ) tú sobre este plan?,pensar,piensas,너는 이 계획에 대해 어떻게 생각하니?,의견을 묻는 질문으로 2인칭 단수에서 어간 변화(e->ie)가 발생합니다.,A1,불규칙(어간)
현재형,El alumno no ( ) correctamente.,contestar,contesta,그 학생은 올바르게 대답하지 않는다.,응답 행위를 묘사하는 3인칭 단수 규칙 동사입니다.,A1,규칙
현재형,Ellos se ( ) con un abrazo.,saludar,saludan,그들은 포옹으로 서로 인사한다.,상호 간의 인사 행위를 나타내는 재귀적 용법의 3인칭 복수형입니다.,A1,규칙
현재형,Usted ( ) el contrato hoy.,firmar,firma,당신은 오늘 계약서에 서명합니다.,계약 체결이라는 구체적 행위를 나타내는 존칭 단수형입니다.,A1,규칙
현재형,El chef ( ) los ingredientes en el bol.,mezclar,mezcla,요리사는 그릇에 재료들을 섞는다.,조리 과정을 묘사하는 3인칭 단수 현재형입니다.,A1,규칙
현재형,El sol ( ) la ropa mojada.,secar,seca,태양이 젖은 옷을 말린다.,자연 현상에 의한 상태 변화(마르게 하다)를 나타냅니다.,A1,규칙
현재형,El paciente ( ) mucho por la gripe.,toser,tose,환자는 독감 때문에 기침을 많이 한다.,증상(기침)의 반복적인 발생을 설명합니다.,A1,규칙
현재형,Yo no ( ) a la oscuridad.,temer,temo,나는 어둠을 두려워하지 않는다.,심리적 상태(두려움)를 나타내는 1인칭 단수 현재형입니다.,A1,규칙
현재형,Muchos animales ( ) por el calor.,sufrir,sufren,많은 동물이 더위로 고통받는다.,고통을 겪는 상태를 일반적인 사실로 서술합니다.,A1,규칙
현재형,Este puente ( ) las dos ciudades.,unir,une,이 다리는 두 도시를 연결한다.,지리적 연결 상태를 나타내는 3인칭 단수 현재형입니다.,A1,규칙
현재형,Ella ( ) azúcar a su café.,añadir,añade,그녀는 커피에 설탕을 추가한다.,무언가를 더하는 행위를 묘사합니다.,A1,규칙
현재형,Nosotros nunca ( ) por política.,discutir,discutimos,우리는 절대 정치 문제로 논쟁하지 않는다.,상호 간의 언쟁을 나타내는 1인칭 복수형입니다.,A1,규칙
단순과거,El profesor ( ) la pregunta dos veces.,repetir,repitió,선생님은 질문을 두 번 반복하셨다.,과거에 횟수가 명시된(두 번) 반복 행위이며 3인칭에서 e->i 변화가 있습니다.,A2,불규칙(어간)
단순과거,El sastre ( ) la tela ayer.,medir,midió,재단사는 어제 천을 쟀다.,치수를 재는 행위가 완료되었으며 3인칭 e->i 어간 변화가 일어납니다.,A2,불규칙(어간)
단순과거,Los niños se ( ) mucho en el parque.,divertirse,divirtieron,아이들은 공원에서 매우 즐거워했다.,즐거운 시간을 보낸 과거의 경험을 나타냅니다(e->i).,A2,불규칙(어간)
단순과거,El agua ( ) en pocos minutos.,hervir,hirvió,물이 몇 분 만에 끓었다.,끓는점에 도달한 상태 변화(완료)를 나타냅니다(e->i).,A2,불규칙(어간)
단순과거,Yo ( ) los exámenes anoche.,corregir,corregí,나는 어젯밤에 시험지를 채점(수정)했다.,채점 행위가 완료되었음을 나타냅니다.,A2,규칙
단순과거,Yo ( ) las plantas del jardín.,regar,regué,나는 정원의 식물에 물을 주었다.,물을 주는 행위가 완료되었으며 1인칭 단수에서 철자 변화(g->gu)가 있습니다.,A2,불규칙(철자)
단순과거,Ayer ( ) un cuadro en la pared.,colgar,colgué,어제 나는 벽에 그림을 걸었다.,그림을 거는 동작을 완료했으며 철자 변화(g->gu)가 필요합니다.,A2,불규칙(철자)
단순과거,Nosotros ( ) por el Mediterráneo el verano pasado.,navegar,navegamos,우리는 지난여름 지중해를 항해했다.,과거의 특정 기간(여름) 동안의 이동 행위입니다(규칙).,A2,규칙
단순과거,El león ( ) una cebra.,cazar,cazó,사자는 얼룩말 한 마리를 사냥했다.,사냥의 성공(완료)을 나타내는 3인칭 단수형입니다.,A2,규칙
단순과거,Yo ( ) muchos peces en el río.,pescar,pesqué,나는 강에서 물고기를 많이 잡았다(낚았다).,낚시의 결과(완료)를 나타내며 1인칭 단수에서 철자 변화(c->qu)가 일어납니다.,A2,불규칙(철자)
단순과거,El coche no ( ) por el frío.,arrancar,arrancó,차는 추위 때문에 시동이 걸리지 않았다.,시동이 걸리는 사건의 실패(완료)를 설명합니다.,A2,규칙
단순과거,Los dos coches ( ) en la esquina.,chocar,chocaron,두 대의 차가 모퉁이에서 충돌했다.,순간적인 충돌 사고를 나타냅니다.,A2,규칙
단순과거,Yo ( ) la basura esta mañana.,sacar,saqué,나는 오늘 아침 쓰레기를 내다 버렸다.,쓰레기를 내놓는 행위가 완료되었으며 철자 변화(c->qu)가 있습니다.,A2,불규칙(철자)
단순과거,Su familia ( ) grandes tierras en el pasado.,poseer,poseyó,그의 가족은 과거에 넓은 땅을 소유했었다.,과거의 소유 사실을 나타내며 3인칭에서 y가 삽입됩니다.,A2,불규칙(철자)
단순과거,La empresa ( ) los productos ayer.,distribuir,distribuyó,회사는 어제 제품을 유통(배포)했다.,배포 행위가 완료되었으며 3인칭에서 y가 삽입됩니다.,A2,불규칙(철자)
단순과거,El precio ( ) el servicio.,incluir,incluyó,가격은 서비스를 포함했다.,과거의 포함 관계를 설명하며 3인칭 y 삽입 변화가 있습니다.,A2,불규칙(철자)
단순과거,El clima ( ) en su decisión.,influir,influyó,날씨가 그의 결정에 영향을 미쳤다.,영향력을 행사한 완료된 사건을 나타냅니다.,A2,불규칙(철자)
단순과거,El discurso ( ) con aplausos.,concluir,concluyó,연설은 박수와 함께 끝났다.,행사의 종료를 나타내며 y 삽입 불규칙 동사입니다.,A2,불규칙(철자)
단순과거,El jugador ( ) al compañero lesionado.,sustituir,sustituyó,그 선수는 부상당한 동료를 교체했다.,교체 투입된 사건을 서술합니다.,A2,불규칙(철자)
단순과거,La fiebre ( ) después de tomar la medicina.,disminuir,disminuyó,약을 먹은 후 열이 내려갔다(감소했다).,상태의 변화(감소)가 완료됨을 나타냅니다.,A2,불규칙(철자)
접속법 현재,Espero que usted ( ) mi esfuerzo.,apreciar,aprecie,당신이 내 노력을 높이 평가해 주기를 바랍니다.,바람(Espero que)을 나타내는 동사 뒤에 접속법을 씁니다.,B1,규칙
접속법 현재,Es importante que ( ) nuestra cultura.,valorar,valoremos,우리가 우리 문화를 가치 있게 여기는 것은 중요하다.,가치 판단(Es importante que) 뒤에 접속법 1인칭 복수형이 옵니다.,B1,규칙
단순미래,Nosotros ( ) tu propuesta seriamente.,considerar,consideraremos,우리는 너의 제안을 진지하게 고려할 것이다.,미래의 행동 계획이나 의도를 나타냅니다.,B1,규칙
단순미래,Los científicos ( ) el fenómeno mañana.,observar,observarán,과학자들은 내일 그 현상을 관찰할 것이다.,정해진 미래의 관찰 일정을 설명합니다.,B1,규칙
단순미래,Yo ( ) los datos con detalle.,analizar,analizaré,나는 데이터를 상세하게 분석할 것이다.,미래의 분석 작업을 예고합니다.,B1,규칙
가능법,La policía ( ) el caso si tuviera pistas.,investigar,investigaría,단서가 있다면 경찰이 그 사건을 수사할 텐데.,조건(if절)에 따른 가상의 행동을 나타내는 가능법입니다.,B1,규칙
접속법 현재,Busco un autor que ( ) bien el paisaje.,describir,describa,풍경을 잘 묘사하는 작가를 찾고 있다.,불특정한 대상(찾는 작가)을 수식하는 관계절에 접속법을 씁니다.,B1,규칙
접속법 현재,Es necesario que ( ) tus objetivos.,definir,definas,네가 너의 목표를 정의하는 것이 필요하다.,필요성(Es necesario)을 나타내는 구문 뒤에 접속법을 씁니다.,B1,규칙
접속법 현재,No creo que ( ) vida en Marte.,existir,exista,화성에 생명체가 존재한다고 생각하지 않는다.,부정적 추측(No creo que)은 불확실성을 나타내므로 접속법을 씁니다.,B1,규칙
단순미래,El examen ( ) en dos partes.,consistir,consistirá,시험은 두 부분으로 구성될 것이다.,미래에 있을 시험의 구성을 설명합니다.,B1,규칙
접속법 현재,Ojalá que la guerra ( ) pronto.,acabar,acabe,전쟁이 곧 끝나기를 바란다.,간절한 소망(Ojalá) 뒤에는 항상 접속법을 사용합니다.,B1,규칙
가능법,"Con esfuerzo, tú lo ( ).",lograr,lograrías,노력한다면 너는 그것을 성취할 수 있을 텐데.,암묵적인 조건(노력한다면) 하의 가능성을 추측합니다.,B1,규칙
단순미래,Nunca ( ) quién vino hoy.,adivinar,adivinarás,오늘 누가 왔는지 너는 절대 맞히지 못할 것이다.,미래에 대한 강한 추측이나 단언을 나타냅니다.,B1,규칙
접속법 현재,Te pido que me ( ) si hay cambios.,avisar,avises,변경 사항이 있으면 내게 알려주기를 요청한다.,요청(Pedir) 뒤 종속절에는 접속법을 사용합니다.,B1,규칙
접속법 현재,Necesito que ( ) en mí.,confiar,confíes,네가 나를 믿는 것이 필요하다.,"필요/요구 뒤에 오며, 강세가 있는 'í'를 유지하는 접속법 형태입니다.",B1,규칙
접속법 과거,No parecía que el coche me ( ).,pertenecer,perteneciera,그 차가 내 것인 것 같지는 않았다.,과거의 불확실한 판단(No parecía) 뒤에 접속법 과거(z->c)를 씁니다.,B2,규칙
접속법 과거,El médico ordenó que ( ) en cama.,permanecer,permaneciera,의사는 그가 침대에 머물러야 한다고 지시했다.,과거의 지시(ordenó) 내용을 전달하는 접속법 과거입니다.,B2,규칙
접속법 과거,Me alegré de que él me ( ).,reconocer,reconociera,그가 나를 알아봐 줘서 기뻤다.,과거의 감정(alegrarse) 원인을 나타내는 접속법 과거입니다.,B2,규칙
과거완료,La ley ya se ( ) el año anterior.,establecer,había establecido,그 법은 전년도에 이미 제정되었었다.,"기준 과거보다 이전에 확립된 사실을 나타냅니다(분사 불규칙: establecido? 아니오, regular).",B2,규칙
과거완료,"De repente, el sol ( ) entre las nubes.",aparecer,había aparecido,갑자기 구름 사이로 해가 나타났었다.,문맥상 대과거 상황을 묘사할 때 사용됩니다.,B2,규칙
과거완료,El mago ya ( ) cuando miré.,desaparecer,había desaparecido,내가 보았을 때 마법사는 이미 사라지고 없었다.,내가 본 시점보다 먼저 일어난 소실 행위입니다.,B2,규칙
접속법 과거,"Si el árbol ( ) más, daría sombra.",crecer,creciera,나무가 더 자란다면 그늘을 줄 텐데.,현재 사실 반대 가정(If절)에 접속법 과거를 사용합니다.,B2,규칙
과거완료,Nadie me ( ) con tales palabras antes.,seducir,había seducido,이전에는 아무도 그런 말로 나를 유혹한 적이 없었다.,과거 특정 시점 이전의 경험 부재를 나타냅니다.,B2,규칙
접속법 과거,Era difícil que se ( ) los colores.,distinguir,distinguieran,색깔들을 구별하는 것은 어려웠다.,과거의 난이도 판단(Era difícil) 뒤에 접속법 과거를 씁니다.,B2,규칙
과거완료,Los bomberos ya ( ) el fuego.,extinguir,habían extinguido,소방관들은 이미 불을 껐었다.,도착 전이나 특정 시점 이전에 완료된 진화 작업을 나타냅니다.,B2,규칙
현재형,Yo ( ) el desayuno para mi familia.,preparar,preparo,나는 가족을 위해 아침 식사를 준비한다.,현재 수행하는 일상적인 가사 활동을 나타내는 1인칭 단수 현재형입니다.,A1,규칙
현재형,El autobús ( ) en esta parada.,parar,para,버스는 이 정류장에 선다.,교통수단의 규칙적인 정차 행위를 묘사하는 3인칭 단수 현재형입니다.,A1,규칙
현재형,Tú ( ) mucho en llegar a casa.,tardar,tardas,너는 집에 도착하는 데 시간이 많이 걸린다.,"소요 시간을 나타내는 동사로, 반복적인 상황을 설명합니다.",A1,규칙
현재형,Nosotros ( ) en las elecciones mañana.,votar,votamos,우리는 내일 선거에서 투표한다.,확정된 가까운 미래나 계획된 행위를 현재형으로 표현했습니다.,A1,규칙
현재형,Esta máquina no ( ) bien.,funcionar,funciona,이 기계는 제대로 작동하지 않는다.,사물의 상태나 기능 작동 여부를 설명하는 3인칭 단수형입니다.,A1,규칙
현재형,La película ( ) dos horas.,durar,dura,그 영화는 2시간 동안 상영된다(지속된다).,시간의 길이를 나타내는 동사로 일반적인 사실을 서술합니다.,A1,규칙
현재형,Ellos ( ) las botellas de agua.,llenar,llenan,그들은 물병을 채운다.,무언가를 채우는 행위를 묘사하는 3인칭 복수 현재형입니다.,A1,규칙
현재형,Usted ( ) la papelera cada noche.,vaciar,vacía,당신은 매일 밤 휴지통을 비웁니다.,"반복적인 청소 습관을 나타내며, 강세가 있는 'í'를 유지합니다.",A1,불규칙(강세)
현재형,Vosotros ( ) el coche estropeado.,empujar,empujáis,너희들은 고장 난 차를 민다.,물리적인 힘을 가하는 행위를 나타내는 2인칭 복수형입니다.,A1,규칙
현재형,Mi maleta ( ) veinte kilos.,pesar,pesa,내 가방은 무게가 20킬로그램 나간다.,사물의 무게 상태를 설명하는 3인칭 단수 현재형입니다.,A1,규칙
현재형,La Tierra ( ) alrededor del Sol.,girar,gira,지구는 태양 주위를 돈다(회전한다).,불변의 과학적 진리나 자연 현상을 나타냅니다.,A1,규칙
현재형,Yo me ( ) en los detalles pequeños.,fijarse,fijo,나는 작은 세부 사항들에 주목한다.,주의를 기울이는 습관을 나타내는 재귀동사 구문입니다.,A1,규칙
현재형,Él siempre se ( ) del ruido.,quejarse,queja,그는 항상 소음에 대해 불평한다.,습관적인 불만 표출을 나타내는 재귀적 용법입니다.,A1,규칙
현재형,Nosotros nos ( ) a menudo.,equivocarse,equivocamos,우리는 종종 실수를 한다.,빈도 부사(a menudo)와 함께 쓰여 반복되는 실수를 나타냅니다.,A1,규칙
현재형,Ella se ( ) antes de la fiesta.,maquillarse,maquilla,그녀는 파티 전에 화장을 한다.,외모를 단장하는 재귀적 행위를 묘사합니다.,A1,규칙
단순과거,El atleta ( ) en los Juegos Olímpicos.,competir,compitió,그 선수는 올림픽에서 경쟁했다.,과거의 특정 대회에 참가한 사실을 나타내며 3인칭 e->i 변화가 있습니다.,A2,불규칙(어간)
단순과거,Ella se ( ) el pelo de rubio ayer.,teñir,tiñó,그녀는 어제 머리를 금발로 염색했다.,염색 행위가 완료되었으며 3인칭 단수에서 e->i 어간 변화가 일어납니다.,A2,불규칙(어간)
단순과거,El cartel nos ( ) del peligro.,advertir,advirtió,표지판은 우리에게 위험을 경고했다.,경고라는 일회성 사건을 나타내며 3인칭 e->i 변화가 있습니다.,A2,불규칙(어간)
단순과거,La oruga se ( ) en mariposa.,convertirse,convirtió,애벌레는 나비로 변했다.,상태의 변화가 완료되었음을 나타내며 e->i 변화가 적용됩니다.,A2,불규칙(어간)
단순과거,La caída le ( ) en la rodilla.,herir,hirió,넘어지면서 무릎을 다쳤다(상처 입혔다).,부상을 입힌 순간적인 사건을 묘사하며 e->i 변화가 있습니다.,A2,불규칙(어간)
단순과거,El medicamento le ( ) el sueño.,inducir,indujo,약이 그에게 졸음을 유발했다.,인과 관계에 의한 결과를 나타내며 'c'가 'j'로 변하는 불규칙 동사입니다.,A2,불규칙(어간)
단순과거,La empresa ( ) los materiales necesarios.,proveer,proveyó,회사는 필요한 자재를 공급했다.,공급 행위가 완료되었으며 3인칭에서 y가 삽입됩니다.,A2,불규칙(철자)
단순과거,La abuela ( ) a su nieto con cariño.,abrazar,abrazó,할머니는 손자를 다정하게 껴안았다.,포옹이라는 구체적인 동작의 완료를 나타냅니다.,A2,규칙
불완료과거,Yo ( ) a mi perro cuando era niño.,adorar,adoraba,나는 어렸을 때 내 강아지를 매우 아꼈다(숭배했다).,과거의 지속적인 깊은 애정을 묘사합니다.,A2,규칙
단순과거,No ( ) el dolor y fui al médico.,aguantar,aguanté,나는 통증을 참지 못하고 병원에 갔다.,참는 행위의 중단(완료)을 나타내는 1인칭 단수형입니다.,A2,규칙
단순과거,Nos ( ) en un hotel muy barato.,alojarse,alojamos,우리는 매우 저렴한 호텔에 묵었다.,과거 여행 중의 체류(숙박) 사실을 서술합니다.,A2,규칙
단순과거,El presidente ( ) nuevas medidas.,anunciar,anunció,대통령은 새로운 조치들을 발표했다.,공식적인 발표 행위가 완료되었음을 나타냅니다.,A2,규칙
단순과거,El público ( ) al final del concierto.,aplaudir,aplaudió,관객들은 콘서트가 끝나자 박수를 쳤다.,공연 종료 후 발생한 반응적 행동입니다.,A2,규칙
단순과거,Mi padre ( ) la lavadora rota.,arreglar,arregló,아버지는 고장 난 세탁기를 고치셨다.,수리 행위의 성공적 완료를 나타냅니다.,A2,규칙
단순과거,Yo ( ) el mensaje por error.,borrar,borré,나는 실수로 메시지를 지웠다.,의도치 않게 발생한 삭제 행위(완료)를 설명합니다.,A2,규칙
단순과거,Nosotros ( ) el aniversario en casa.,celebrar,celebramos,우리는 집에서 기념일을 축하했다.,특정 과거 시점에 있었던 축하 행사를 묘사합니다.,A2,규칙
단순과거,Ellos ( ) mucho de la playa.,disfrutar,disfrutaron,그들은 해변에서 매우 즐거워했다(즐겼다).,휴가 기간 동안 누린 즐거움을 총체적으로 서술합니다.,A2,규칙
단순과거,"Tú ( ) sal a la comida, ¿verdad?",echar,echaste,"너 음식에 소금 쳤지, 그렇지?",조리 과정에서 무언가를 넣은(친) 행위의 여부를 묻습니다.,A2,규칙
단순과거,Vosotros ( ) en los Alpes el invierno pasado.,esquiar,esquiasteis,너희들은 지난겨울 알프스에서 스키를 탔다.,과거의 특정 시즌에 수행한 스포츠 활동입니다.,A2,규칙
단순과거,El jugador ( ) la pelota muy lejos.,lanzar,lanzó,선수는 공을 매우 멀리 던졌다.,투구 동작의 완료를 나타내는 3인칭 단수형입니다.,A2,규칙
단순미래,El actor ( ) en una nueva película.,actuar,actuará,그 배우는 새 영화에 출연(연기)할 것이다.,미래의 활동 계획이나 예정을 나타냅니다.,B1,규칙
단순미래,Nosotros ( ) a nuestros hijos con valores.,educar,educaremos,우리는 아이들을 가치 있게 교육할 것이다.,미래의 양육 방침이나 의지를 나타냅니다.,B1,규칙
단순미래,Tu salud ( ) si dejas de fumar.,mejorar,mejorará,담배를 끊으면 건강이 좋아질 것이다.,조건 충족 시 예상되는 긍정적 결과를 예측합니다.,B1,규칙
단순미래,Ellos ( ) a otro país por trabajo.,emigrar,emigrarán,그들은 일 때문에 다른 나라로 이민 갈 것이다.,미래의 거주지 이동 계획을 설명합니다.,B1,규칙
접속법 현재,No creo que el jefe ( ) esa actitud.,tolerar,tolere,상사가 그런 태도를 용인할 거라 생각지 않는다.,부정적 추측(No creo que) 뒤에 접속법을 사용합니다.,B1,규칙
접속법 현재,Siento mucho que ( ) la noticia.,lamentar,lamentes,네가 그 소식을 슬퍼해서(유감스러워해서) 마음이 아프다.,감정(Sentir)의 원인을 나타내는 절에 접속법을 씁니다.,B1,규칙
접속법 현재,Necesito un plan que ( ) el éxito.,garantizar,garantice,나는 성공을 보장하는 계획이 필요하다.,불특정한 대상(찾는 계획)을 수식하므로 접속법(z->c)을 씁니다.,B1,불규칙(철자)
접속법 현재,Dudo que ellos ( ) la cima hoy.,alcanzar,alcancen,그들이 오늘 정상에 도달할지 의심스럽다.,의심(Dudar)을 나타내는 동사 뒤에 접속법(z->c)이 옵니다.,B1,불규칙(철자)
접속법 현재,Temo que la tormenta nos ( ).,amenazar,amenace,폭풍우가 우리를 위협할까 봐 두렵다.,두려움(Temer)을 나타내는 동사 뒤에 접속법(z->c)을 씁니다.,B1,불규칙(철자)
접속법 현재,Espero que ( ) de buena salud.,gozar,goces,네가 건강을 누리기를(건강하기를) 바란다.,소망(Esperar) 뒤 종속절에 접속법(z->c)을 사용합니다.,B1,불규칙(철자)
접속법 현재,Es posible que ( ) el proyecto juntos.,realizar,realicemos,우리가 프로젝트를 함께 수행할 가능성이 있다.,가능성(Es posible)을 나타내는 구문 뒤에 접속법(z->c)이 옵니다.,B1,불규칙(철자)
접속법 현재,Prohíbo que ( ) el móvil en clase.,utilizar,utilices,수업 중에 휴대전화를 사용하는 것을 금지한다.,금지(Prohibir) 동사 뒤 종속절에는 접속법(z->c)을 씁니다.,B1,불규칙(철자)
접속법 현재,Es vital que ( ) nuevas ideas.,desarrollar,desarrollemos,우리가 새로운 아이디어를 개발하는 것이 필수적이다.,비인칭 구문의 필요성 뒤에 접속법을 사용합니다.,B1,규칙
접속법 현재,Te pido que ( ) los problemas.,evitar,evites,나는 네가 문제를 피하기를(일으키지 않기를) 요청한다.,요청(Pedir) 뒤 종속절에는 접속법을 사용합니다.,B1,규칙
접속법 현재,Ojalá no ( ) el mismo error.,cometer,cometas,네가 같은 실수를 저지르지 않기를 바란다.,기원(Ojalá) 뒤에는 항상 접속법을 사용합니다.,B1,규칙
접속법 과거,"Si la herramienta ( ) el trabajo, la usaría.",facilitar,facilitara,"도구가 일을 쉽게 해준다면, 그것을 사용할 텐데.",현재 사실 반대 가정(If절)에는 접속법 과거를 씁니다.,B2,규칙
과거완료,El testigo había ( ) que lo vio.,asegurar,asegurado,목격자는 그를 보았다고 확언했었다.,과거의 특정 시점 이전에 단언한 사실(대과거)을 나타냅니다.,B2,규칙
과거완료,Yo ya ( ) los billetes antes de ir.,comprobar,comprobado,가기 전에 나는 이미 표를 확인했었다.,출발 시점보다 먼저 일어난 확인 행위입니다.,B2,규칙
접속법 과거,Era necesario que él ( ) su inocencia.,demostrar,demostrara,그가 자신의 무죄를 증명하는 것이 필요했다.,과거의 필요성(Era necesario) 뒤에 접속법 과거를 씁니다.,B2,규칙
접속법 과거,Me gustaría que me ( ) el camino.,mostrar,mostraras,네가 나에게 길을 알려주면(보여주면) 좋겠는데.,정중한 부탁이나 가정적 상황에서 접속법 과거를 사용합니다.,B2,규칙
과거완료,"Cuando llegamos, ya ( ) el internet.",instalar,instalado,우리가 도착했을 때 이미 인터넷을 설치했었다.,"도착 이전에 완료된 설치 작업을 나타냅니다. ('habían' 생략된 문맥으로 가정 시 분사만 표기되나, 여기선 복합시제 완료) -> 정답 수정: habían instalado",B2,규칙
과거완료,El ejército ya ( ) la ciudad.,invadir,había invadido,군대는 이미 도시를 침공했었다.,기준 과거 시점 이전에 발생한 침공 사실입니다.,B2,규칙
접속법 과거,Me dolió que me ( ) con tus palabras.,ofender,ofendieras,네 말로 나에게 상처를(모욕을) 줘서 마음이 아팠다.,과거 감정의 원인을 나타내는 절에 접속법 과거를 씁니다.,B2,규칙
과거완료,El diario ya ( ) el secreto.,revelar,había revelado,신문은 이미 그 비밀을 폭로했었다.,과거 시점 이전에 공개된 사실을 대과거로 표현합니다.,B2,규칙
접속법 과거,"Si tú no me ( ), ganaríamos.",traicionar,traicionaras,"네가 나를 배신하지 않는다면, 우리가 이길 텐데.",현재 사실 반대 가정의 조건절에 접속법 과거를 사용합니다.,B2,규칙
현재형,Yo ( ) la llave en la cerradura.,meter,meto,나는 열쇠 구멍에 열쇠를 넣는다.,구체적인 물리적 행위(넣다)를 묘사하는 1인칭 단수 현재형입니다.,A1,규칙
현재형,Las flores ( ) muy bien en primavera.,oler,huelen,꽃들은 봄에 매우 좋은 향기가 난다.,Oler'는 현재형에서 어두 모음 'o'가 'hue'로 변하는 불규칙 동사입니다.,A1,불규칙(어간)
현재형,Mi abuela ( ) un suéter de lana.,tejer,teje,할머니는 양모 스웨터를 뜨개질하신다.,취미나 수공예 활동을 나타내는 3인칭 단수 현재형입니다.,A1,규칙
현재형,Tú ( ) las sábanas después de lavar.,doblar,doblas,너는 세탁 후에 시트를 갠다(접는다).,집안일의 일환으로 빨래를 개는 행위를 묘사합니다.,A1,규칙
현재형,Yo me ( ) todas las mañanas.,afeitarse,afeito,나는 매일 아침 면도를 한다.,습관적인 신변 정리(면도)를 나타내는 재귀동사입니다.,A1,규칙
현재형,El perro ( ) la cola cuando está feliz.,mover,mueve,개는 행복할 때 꼬리를 흔든다.,감정에 따른 신체 반응을 나타내며 어간 변화(o->ue)가 일어납니다.,A1,불규칙(어간)
현재형,Nosotros ( ) la pared con un taladro.,taladrar,taladramos,우리는 드릴로 벽을 뚫는다.,공구를 사용하는 구체적인 작업을 설명합니다.,A1,규칙
현재형,Los políticos ( ) durante el debate.,debatir,debaten,정치인들은 토론 중에 논쟁한다.,공식적인 토론 행위를 나타내는 3인칭 복수 현재형입니다.,A1,규칙
현재형,Ella ( ) el documento oficial.,firmar,firma,그녀는 공식 문서에 서명한다.,서명이라는 법적/행정적 행위를 묘사합니다.,A1,규칙
현재형,Usted ( ) las cartas en el buzón.,echar,echa,당신은 우체통에 편지를 넣는다(부친다).,우편물을 보내는 과정을 설명하는 존칭 단수형입니다.,A1,규칙
현재형,Los niños ( ) burbujas de jabón.,soplar,soplan,아이들은 비누거품을 분다.,입으로 바람을 부는 놀이 행위를 나타냅니다.,A1,규칙
현재형,Yo ( ) el botón para encender.,pulsar,pulso,나는 켜기 위해 버튼을 누른다.,기계 조작을 위한 누름 행위를 설명합니다.,A1,규칙
현재형,El gato ( ) al ratón silenciosamente.,acechar,acecha,고양이는 쥐를 조용히 엿본다(노린다).,사냥이나 관찰을 위해 숨어서 지켜보는 행위입니다.,A1,규칙
현재형,Nosotros ( ) la masa del pan.,amasar,amasamos,우리는 빵 반죽을 치댄다.,요리 과정 중 반죽하는 동작을 묘사합니다.,A1,규칙
현재형,La herida ( ) mucho.,sangrar,sangra,상처에서 피가 많이 난다.,신체 상태(출혈)를 나타내는 3인칭 단수 현재형입니다.,A1,규칙
단순과거,El hombre se ( ) en el río.,ahogarse,ahogó,그 남자는 강에서 익사했다.,비극적인 사고(익사)가 완료된 사실을 서술합니다.,A2,규칙
단순과거,Nos ( ) de casa el mes pasado.,mudarse,mudamos,우리는 지난달에 이사를 했다.,거주지 이동(이사)이 완료된 과거 사건입니다.,A2,규칙
단순과거,Romeo se ( ) de Julieta al instante.,enamorarse,enamoró,로미오는 줄리엣에게 즉시 반했다.,사랑에 빠지는 순간적인 감정 변화를 나타냅니다.,A2,규칙
단순과거,Ellos se ( ) en una ceremonia privada.,casarse,casaron,그들은 비공개 예식으로 결혼했다.,결혼식이라는 구체적인 행사가 완료되었습니다.,A2,규칙
단순과거,Mi tío se ( ) a los 65 años.,jubilarse,jubiló,삼촌은 65세에 은퇴하셨다.,직업 생활을 마치는 은퇴 시점을 나타냅니다.,A2,규칙
단순과거,"De repente, me ( ) de su nombre.",acordarse,acordé,갑자기 그의 이름이 기억났다.,잊고 있던 것이 순간적으로 떠오른(기억난) 상황입니다.,A2,불규칙(어간)
단순과거,Yo ( ) el camión con cajas.,cargar,cargué,나는 트럭에 상자들을 실었다.,짐을 싣는 행위가 완료되었으며 1인칭 g->gu 철자 변화가 있습니다.,A2,불규칙(철자)
단순과거,Yo ( ) el cartel en la pared.,pegar,pegué,나는 벽에 포스터를 붙였다.,부착 행위가 완료되었으며 1인칭 g->gu 철자 변화가 필요합니다.,A2,불규칙(철자)
단순과거,El niño ( ) la moneda por accidente.,tragar,tragó,아이는 실수로 동전을 삼켰다.,삼키는 사고가 발생했음을 나타냅니다.,A2,규칙
단순과거,El juez ( ) al ladrón a pagar.,obligar,obligó,판사는 도둑에게 지불할 것을 강제했다.,법적 강제력이 행사된 과거 사건입니다.,A2,규칙
단순과거,El padre ( ) al hijo sin postre.,castigar,castigó,아버지는 아들에게 디저트를 주지 않는 벌을 내렸다.,훈육이나 처벌 행위가 완료되었습니다.,A2,규칙
불완료과거,Mi abuelo ( ) muy fuerte.,roncar,roncaba,할아버지는 코를 매우 심하게 고셨다.,과거의 반복적인 수면 습관(코골이)을 묘사합니다.,A2,규칙
불완료과거,La vaca ( ) la hierba lentamente.,masticar,masticaba,소는 풀을 천천히 씹고 있었다.,과거의 진행 중인 동작이나 습관적인 먹는 행위입니다.,A2,규칙
단순과거,Ellos ( ) el viaje con detalle.,planificar,planificaron,그들은 여행을 상세하게 계획했다.,계획 수립 단계가 완료되었음을 나타냅니다.,A2,규칙
단순과거,El ejército ( ) hacia la frontera.,avanzar,avanzó,군대는 국경을 향해 전진했다.,군사적 이동(전진)이 완료된 사건입니다.,A2,규칙
단순과거,Él ( ) dinero a la causa benéfica.,contribuir,contribuyó,그는 자선 단체에 돈을 기부했다.,기여/기부 행위가 완료되었으며 3인칭 y 삽입 변화가 있습니다.,A2,불규칙(철자)
단순과거,El autor ( ) el éxito a su esposa.,atribuir,atribuyó,작가는 성공의 공을 아내에게 돌렸다.,원인이나 공로를 돌리는 행위를 나타냅니다(y 삽입).,A2,불규칙(철자)
단순과거,El rey ( ) con justicia.,regir,rigió,왕은 정의롭게 통치했다.,통치 기간이 끝난 역사적 사실을 서술하며 3인칭 e->i 변화가 있습니다.,A2,불규칙(어간)
불완료과거,Ella ( ) de una enfermedad rara.,padecer,padecía,그녀는 희귀병을 앓고 있었다.,과거의 지속적인 병환이나 고통 상태를 설명합니다.,A2,규칙
단순과거,El testigo ( ) lo que vio.,jurar,juró,증인은 그가 본 것을 맹세했다.,법정 등에서의 맹세 행위가 완료되었습니다.,A2,규칙
단순미래,Yo ( ) al bebé mientras duerme.,vigilar,vigilaré,아기가 자는 동안 내가 지켜볼 것이다.,미래의 감시나 보호 행위를 약속합니다.,B1,규칙
접속법 현재,Es posible que ellos ( ) de nosotros.,sospechar,sospechen,그들이 우리를 의심할 가능성이 있다.,불확실성(Es posible) 뒤에 접속법을 사용하여 의심을 나타냅니다.,B1,규칙
접속법 현재,"Para que ( ) en la universidad, estudia.",ingresar,ingreses,네가 대학에 입학하기 위해서는 공부해야 한다.,목적(Para que)을 나타내는 절에는 항상 접속법을 씁니다.,B1,규칙
접속법 현재,Quiero que él ( ) sus sentimientos.,expresar,exprese,나는 그가 자신의 감정을 표현하기를 원한다.,원함(Querer) 뒤 종속절에 접속법을 사용합니다.,B1,규칙
접속법 현재,Sugiero que ( ) la lección.,repasar,repasemos,나는 우리가 수업 내용을 복습할 것을 제안한다.,제안(Sugerir) 뒤 종속절에는 접속법을 씁니다.,B1,규칙
접속법 현재,Temo que el humo ( ) problemas.,causar,cause,연기가 문제를 일으킬까 봐 두렵다.,두려움(Temer)의 대상이 되는 상황을 접속법으로 표현합니다.,B1,규칙
접속법 현재,No dejes que te ( ) sin pruebas.,acusar,acusen,증거 없이 너를 고발하게 두지 마라.,방임 금지(No dejes que) 뒤에 접속법을 씁니다.,B1,규칙
접속법 현재,Espero que ella me ( ) por el logro.,felicitar,felicite,그녀가 내 성과를 축하해 주기를 바란다.,기대나 희망 뒤에 오는 종속절입니다.,B1,규칙
접속법 현재,Es bueno que ( ) un perro.,adoptar,adopten,그들이 개를 입양하는 것은 좋은 일이다.,가치 판단(Es bueno que) 뒤에 접속법을 씁니다.,B1,규칙
접속법 현재,Hace falta que él se ( ) al cambio.,adaptar,adapte,그가 변화에 적응하는 것이 필요하다.,필요성(Hace falta que)을 나타내는 구문 뒤에 접속법이 옵니다.,B1,규칙
단순미래,Nosotros ( ) los muebles mañana.,montar,montaremos,우리는 내일 가구를 조립할 것이다.,미래의 계획된 작업(조립/설치)을 나타냅니다.,B1,규칙
단순미래,La temperatura ( ) esta tarde.,aumentar,aumentará,오늘 오후에 기온이 오를 것이다.,날씨나 수치의 미래 변화를 예측합니다.,B1,규칙
가능법,Yo no ( ) esa historia si fuera tú.,inventar,inventaría,내가 너라면 그 이야기를 지어내지 않을 텐데.,Yo que tú' 가정 상황에서의 가상 행동(지어내다)입니다.,B1,규칙
접속법 현재,Es necesario que él se ( ) ahora.,presentar,presente,그가 지금 출석(제출/소개)하는 것이 필요하다.,의무나 필요성을 나타내는 비인칭 구문 뒤에 접속법을 씁니다.,B1,규칙
접속법 현재,Buscamos un actor que ( ) al rey.,representar,represente,왕을 대표(연기)할 배우를 찾고 있다.,불특정한 대상(찾는 배우)을 수식하므로 접속법을 씁니다.,B1,규칙
접속법 과거,El dictador ordenó que se ( ) la rebelión.,suprimir,suprimiera,독재자는 반란을 진압하라고 명령했다.,과거의 명령(ordenó)에 따른 종속절 동작입니다.,B2,규칙
접속법 과거,Tenía miedo de que la noticia le ( ).,deprimir,deprimiera,나는 그 소식이 그를 우울하게 만들까 봐 두려웠다.,과거의 감정적 우려(miedo) 뒤에 접속법 과거를 씁니다.,B2,규칙
접속법 과거,El profesor pidió que el grupo se ( ).,reunir,reuniera,선생님은 그룹이 모일 것을 요청했다.,과거의 요청(pidió)에 따른 행동이므로 접속법 과거입니다.,B2,규칙
과거완료,"Si hubieras escuchado, lo habrías ( ).",prevenir,prevenido,"네가 들었더라면, 그것을 예방했을 텐데.",과거 사실 반대 가정의 결과절(완료형)입니다.,B2,규칙
접속법 과거,Fue una lástima que el show no nos ( ).,entretener,entretuviera,쇼가 우리를 즐겁게 하지 못한 것은 유감이었다.,과거의 유감(lástima) 뒤에 접속법 과거(tener 파생 불규칙)를 씁니다.,B2,불규칙(어간)
과거완료,Ellos ya ( ) la reunión dos veces.,posponer,habían pospuesto,그들은 이미 회의를 두 번이나 연기했었다.,기준 과거보다 앞선 반복된 연기 행위입니다(poner 파생 불규칙 분사).,B2,불규칙(분사)
접속법 과거,El gerente quería que yo ( ) el stock.,reponer,repusiera,매니저는 내가 재고를 보충하기를 원했다.,과거의 원함(quería) 뒤에 접속법 과거(poner 파생)를 씁니다.,B2,불규칙(어간)
접속법 과거,Era imposible que él ( ) la empresa.,adquirir,adquiriera,그가 그 회사를 인수하는 것은 불가능했다.,과거의 불가능성 판단 뒤에 접속법 과거(i->ie 변화 없음)를 씁니다.,B2,규칙
접속법 과거,No permití que nadie me ( ).,contradecir,contradijera,나는 누구도 나에게 반박하는 것을 허용하지 않았다.,과거의 금지/불허 뒤에 접속법 과거(decir 파생 불규칙)를 씁니다.,B2,불규칙(어간)
과거완료,El sacerdote ya ( ) el agua.,bendecir,había bendecido,사제는 이미 물을 축복했었다.,의식 행위가 완료된 대과거 시점입니다(분사는 규칙형 사용).,B2,규칙
현재형,Yo ( ) estudiante de español.,ser,soy,나는 스페인어 학생이다.,"신분, 국적, 직업 등 변하지 않는 정체성을 나타낼 때는 'ser' 동사를 씁니다.",A1,불규칙
현재형,Nosotros ( ) muy cansados hoy.,estar,estamos,우리는 오늘 매우 피곤하다.,일시적인 상태나 기분을 나타낼 때는 'estar' 동사를 사용합니다.,A1,불규칙
현재형,Ella ( ) veinticinco años.,tener,tiene,그녀는 25살이다.,스페인어에서 나이를 말할 때는 'ser'가 아닌 소유의 의미인 'tener'를 씁니다.,A1,불규칙(어간)
현재형,En mi barrio ( ) un parque grande.,haber,hay,우리 동네에는 큰 공원이 하나 있다.,막연한 존재 유무(There is/are)를 나타낼 때는 'haber'의 비인칭 형태 'hay'를 씁니다.,A1,불규칙
현재형,Yo ( ) al gimnasio todos los días.,ir,voy,나는 매일 체육관에 간다.,목적지로의 이동을 나타내는 가장 기초적인 불규칙 동사입니다.,A1,불규칙
현재형,Me ( ) mucho el chocolate.,gustar,gusta,나는 초콜릿을 매우 좋아한다.,Gustar' 동사는 주어가 사물(초콜릿)이므로 3인칭 단수형을 씁니다.,A1,특수구문
현재형,¿A qué hora ( ) tú la tarea?,hacer,haces,너는 숙제를 몇 시에 하니?,일상적인 행위를 묻는 질문으로 2인칭 단수 형태입니다.,A1,불규칙(1인칭)
현재형,Mi padre se ( ) Juan.,llamarse,llama,우리 아버지의 성함은 후안이다.,이름을 말할 때는 재귀동사 'llamarse'를 사용합니다.,A1,규칙
현재형,Ellos ( ) en una casa grande.,vivir,viven,그들은 큰 집에서 산다.,거주 사실을 나타내는 규칙 동사입니다.,A1,규칙
현재형,Nosotros ( ) español en la escuela.,hablar,hablamos,우리는 학교에서 스페인어를 한다(말한다).,언어 구사 능력을 나타내는 규칙 동사입니다.,A1,규칙
현재형,La clase ( ) a las nueve.,empezar,empieza,수업은 9시에 시작한다.,시간표상의 시작을 나타내며 어간 모음(e→ie)이 변합니다.,A1,불규칙(어간)
현재형,Yo no ( ) nadar bien.,poder,puedo,나는 수영을 잘 못한다.,능력을 나타내는 조동사적 용법으로 어간 모음(o→ue)이 변합니다.,A1,불규칙(어간)
현재형,"Tú ( ) café con leche, ¿verdad?",beber,bebes,"너는 카페라테를 마시는구나, 그렇지?",기호 식품 섭취를 나타내는 규칙 동사입니다.,A1,규칙
현재형,Usted ( ) muy alto.,hablar,habla,당신은 목소리가 매우 크군요(크게 말하네요).,말하는 방식(부사 수식)을 서술하는 존칭 단수형입니다.,A1,규칙
현재형,¿Qué ( ) vosotros ahora?,leer,leéis,너희들은 지금 무엇을 읽고 있니?,현재 진행 중인 동작을 묻는 2인칭 복수형입니다.,A1,규칙
단순과거,Ayer yo ( ) al cine con Ana.,ir,fui,어제 나는 아나와 영화관에 갔다.,Ayer'라는 명확한 과거 시점의 이동(완료)을 나타내는 완전 불규칙 동사입니다.,A2,불규칙
불완료과거,"Cuando era niño, yo ( ) muy bajo.",ser,era,어렸을 때 나는 키가 매우 작았다.,과거의 지속적인 상태나 외모 묘사는 불완료과거를 씁니다.,A2,불규칙
단순과거,Anoche nosotros ( ) una pizza.,comer,comimos,어젯밤 우리는 피자를 먹었다.,특정 시점(어젯밤)에 완료된 식사 행위입니다.,A2,규칙
불완료과거,"Antes, ella ( ) en Madrid.",vivir,vivía,예전에 그녀는 마드리드에 살았다.,과거의 일정 기간 지속된 거주 상태(배경)를 설명합니다.,A2,규칙
단순과거,El año pasado ( ) mucho en invierno.,nevar,nevó,작년 겨울에는 눈이 많이 왔다.,작년'이라는 완료된 기간 내의 기상 현상을 서술합니다.,A2,규칙
불완료과거,"Mientras yo estudiaba, mi madre ( ).",cocinar,cocinaba,내가 공부하는 동안 어머니는 요리하고 계셨다.,과거에 동시에 진행되던 배경적 동작을 나타냅니다.,A2,규칙
단순과거,"De repente, el vaso se ( ).",romper,rompió,갑자기 컵이 깨졌다.,순간적으로 발생한 사건(완료)을 묘사합니다.,A2,규칙
현재완료,Hoy no ( ) nada.,desayunar,he desayunado,오늘 나는 아침을 아무것도 안 먹었다.,Hoy'처럼 현재와 연결된 시간 내의 경험/완료를 나타냅니다.,A2,규칙
단순과거,¿Qué ( ) tú ayer?,hacer,hiciste,너 어제 뭐 했니?,과거 특정 시점의 행위를 묻는 필수 불규칙 동사입니다.,A2,불규칙
불완료과거,Siempre ( ) sol en verano.,hacer,hacía,여름에는 항상 날씨가 맑았다(해가 났다).,과거의 반복적인 날씨 패턴을 설명합니다.,A2,불규칙
단순과거,Yo ( ) la verdad en ese momento.,saber,supe,나는 그 순간 진실을 알게 되었다.,Saber'가 단순과거로 쓰이면 '알게 되다(발견하다)'는 뜻이 됩니다.,A2,불규칙(어간)
불완료과거,Yo no ( ) que estabas aquí.,saber,sabía,나는 네가 여기 있는 줄 몰랐다.,과거의 인지 상태(지식의 유무)는 불완료과거로 씁니다.,A2,규칙
단순과거,Ella me ( ) un regalo bonito.,dar,dio,그녀는 내게 예쁜 선물을 주었다.,수여 행위가 완료되었음을 나타냅니다.,A2,불규칙
현재완료,¿Alguna vez ( ) en España?,estar,has estado,스페인에 있어 본 적(가본 적) 있니?,경험을 묻는 질문에는 현재완료 시제가 주로 쓰입니다.,A2,불규칙(분사)
단순과거,Mis padres ( ) ayer de viaje.,volver,volvieron,부모님은 어제 여행에서 돌아오셨다.,귀환 행위의 완료를 나타냅니다.,A2,규칙
현재완료,"He ( ) las llaves, no puedo entrar.",perder,perdido,열쇠를 잃어버려서 들어갈 수 없다.,과거의 사건(분실)이 현재 결과(못 들어감)에 영향을 미칠 때 씁니다.,A2,규칙
단순과거,El tren ( ) tarde.,llegar,llegó,기차는 늦게 도착했다.,도착이라는 사건의 완료를 서술합니다.,A2,규칙
불완료과거,A mi abuelo le ( ) caminar.,gustar,gustaba,할아버지는 걷는 것을 좋아하셨다.,과거의 지속적인 취향이나 기호를 나타냅니다.,A2,규칙
현재완료,Ya ( ) la tarea.,terminar,he terminado,나는 이미 숙제를 끝냈다.,Ya'(이미)와 함께 쓰여 동작의 완료를 강조합니다.,A2,규칙
단순과거,Ellos no ( ) venir a la fiesta.,poder,pudieron,그들은 파티에 올 수 없었다.,과거 특정 상황에서의 능력 부재/실패(완료)를 나타냅니다.,A2,불규칙(어간)
단순미래,Mañana ( ) buen tiempo.,hacer,hará,내일은 날씨가 좋을 것이다.,내일의 날씨를 예측하는 미래 시제입니다(어간 축약 불규칙).,B1,불규칙(어간)
단순미래,El próximo año yo ( ) a París.,viajar,viajaré,내년에 나는 파리로 여행 갈 것이다.,미래의 계획을 나타내는 규칙 미래형입니다.,B1,규칙
단순미래,Te prometo que te ( ).,llamar,llamaré,너에게 전화하겠다고 약속할게.,화자의 의지나 약속을 나타내는 미래 시제입니다.,B1,규칙
가능법,"Yo en tu lugar, ( ) más.",estudiar,estudiaría,내가 너라면 공부를 더 할 텐데.,조언을 할 때 쓰이는 가정적 표현입니다.,B1,규칙
접속법 현재,Espero que tú ( ) feliz.,ser,seas,네가 행복하기를 바란다.,소망(Espero que) 뒤에는 접속법을 사용하여 불확실한 미래를 나타냅니다.,B1,불규칙
접속법 현재,No creo que ( ) verdad.,ser,sea,그것이 사실이라고 생각하지 않는다.,부정적 의견(No creo que)은 의심을 나타내므로 접속법을 씁니다.,B1,불규칙
접속법 현재,Dudo que ellos ( ) a tiempo.,llegar,lleguen,그들이 제시간에 도착할지 의심스럽다.,의심(Dudar) 동사 뒤 종속절에는 접속법을 씁니다.,B1,규칙
접속법 현재,Ojalá ( ) pronto.,llover,llueva,비가 곧 오기를 바란다(Ojalá).,기원을 나타내는 Ojalá 뒤에는 항상 접속법을 씁니다(o→ue).,B1,불규칙(어간)
접속법 현재,"Cuando ( ) a casa, llámame.",llegar,llegues,집에 도착하면 나에게 전화해.,미래의 시간 부사절(Cuando) 뒤에는 접속법을 씁니다.,B1,규칙
접속법 현재,Busco una persona que ( ) inglés.,hablar,hable,영어를 할 줄 아는 사람(불특정)을 찾는다.,선행사가 불특정할 때 관계절 동사는 접속법을 씁니다.,B1,규칙
접속법 현재,Es importante que nosotros ( ) bien.,comer,comamos,우리가 잘 먹는 것은 중요하다.,비인칭 구문의 가치 판단 뒤에 접속법을 사용합니다.,B1,규칙
접속법 현재,Te recomiendo que ( ) al médico.,ir,vayas,병원에 가볼 것을 추천한다.,추천이나 조언 뒤 종속절에는 접속법을 씁니다.,B1,불규칙
가능법,¿( ) decirme la hora?,poder,podrías,시간을 말씀해 주실 수 있나요?,정중하게 부탁할 때 가능법(조건법)을 사용합니다.,B1,불규칙(어간)
단순미래,¿Quién ( ) a esta hora?,ser,será,이 시간에 누구일까?,현재 상황에 대한 추측(화자의 의문)을 나타내는 미래 시제 용법입니다.,B1,불규칙
접속법 현재,Quiero que me ( ) la verdad.,decir,digas,네가 나에게 진실을 말해주길 원해.,다른 사람에 대한 원함/요구는 접속법을 취합니다.,B1,불규칙(어간)
접속법 과거,"Si yo ( ) rico, compraría un barco.",ser,fuera,내가 부자라면 배를 살 텐데.,현재 사실과 반대되는 가정을 하는 조건문의 if절입니다.,B2,불규칙
접속법 과거,"Si ( ) tiempo, iría contigo.",tener,tuviera,시간이 있다면 너와 함께 갈 텐데.,현재 상황(시간 없음)에 대한 반대 가정을 나타냅니다.,B2,불규칙(어간)
과거완료,"Cuando llegué, la clase ya ( ).",empezar,había empezado,내가 도착했을 때 수업은 이미 시작했었다.,과거의 특정 시점보다 앞선 대과거를 나타냅니다.,B2,규칙
과거완료,Nunca ( ) algo tan bonito.,ver,había visto,나는 그렇게 아름다운 것을 본 적이 없었다(그전까지).,과거 기준 시점 이전의 경험 부재를 설명합니다.,B2,불규칙(분사)
가능법 완료,"Si hubieras venido, te ( ) divertido.",divertirse,habrías divertido,네가 왔더라면 즐거웠을 텐데.,과거 사실 반대 가정의 결과절(했을 것이다)입니다.,B2,규칙
접속법 과거완료,"Si no ( ) tanto, no estaría cansado.",trabajar,hubiera trabajado,"그렇게 많이 일하지 않았더라면, 지금 피곤하지 않을 텐데.",과거의 원인이 현재의 결과로 이어지는 혼합 가정문입니다.,B2,규칙
접속법 과거,Me gustaría que ( ) aquí conmigo.,estar,estuvieras,네가 여기 나와 함께 있다면 좋을 텐데.,현재 실현되기 힘든 소망을 정중하게 표현합니다.,B2,불규칙(어간)
접속법 과거,El jefe pidió que no ( ) tarde.,llegar,llegáramos,상사는 늦지 말라고 요청했다.,과거의 요청/명령에 따른 행동을 접속법 과거로 표현합니다.,B2,규칙
과거완료,El ladrón ya se ( ) cuando vino la policía.,ir,había ido,경찰이 왔을 때 도둑은 이미 가고 없었다.,경찰 도착 이전에 완료된 도주 행위(대과거)입니다.,B2,불규칙(분사)
접속법 과거,No creía que ella ( ) hacerlo.,poder,pudiera,나는 그녀가 그것을 할 수 있을 거라 생각하지 않았다.,과거 시점의 불확실한 판단(No creía) 뒤에 접속법 과거를 씁니다.,B2,불규칙(어간)
현재형,Yo soy coreano y ( ) en Seúl.,vivir,vivo,나는 한국인이고 서울에 산다.,거주지를 나타내는 가장 기초적인 표현입니다.,A1,규칙
현재형,Los estudiantes ( ) mucho en la biblioteca.,estudiar,estudian,학생들은 도서관에서 공부를 많이 한다.,Estudiantes' 주어에 맞춘 3인칭 복수 현재형입니다.,A1,규칙
현재형,Mi padre ( ) en una empresa grande.,trabajar,trabaja,아버지는 큰 회사에서 일하신다.,직업이나 근무처를 설명할 때 쓰는 필수 동사입니다.,A1,규칙
현재형,Nosotros ( ) paella todos los viernes.,comer,comemos,우리는 금요일마다 파에야를 먹는다.,식습관을 나타내는 1인칭 복수 규칙 동사입니다.,A1,규칙
현재형,¿Tú ( ) agua o zumo?,beber,bebes,"너는 물 마실래, 주스 마실래?",마시는 행위를 묻는 2인칭 단수형입니다.,A1,규칙
현재형,Ella ( ) tres idiomas fluidamente.,hablar,habla,그녀는 3개 국어를 유창하게 말한다.,언어 구사 능력을 나타내는 3인칭 단수형입니다.,A1,규칙
현재형,Los niños ( ) en el parque ahora.,correr,corren,아이들은 지금 공원에서 뛰어다닌다.,현재 진행 중인 동작(달리기)을 묘사합니다.,A1,규칙
현재형,Yo ( ) la ventana porque hace calor.,abrir,abro,날씨가 더워서 나는 창문을 연다.,일상적인 동작(열다)을 나타내는 1인칭 단수형입니다.,A1,규칙
현재형,Mi madre ( ) un libro cada mes.,leer,lee,어머니는 매달 책 한 권을 읽으신다.,독서 습관을 나타내는 3인칭 단수형입니다.,A1,규칙
현재형,Tú ( ) correos muy largos.,escribir,escribes,너는 메일을 아주 길게 쓰는구나.,글을 쓰는 행위를 묘사하는 2인칭 단수형입니다.,A1,규칙
현재형,La clase ( ) muchas cosas nuevas.,aprender,aprende,그 반(학급)은 새로운 것을 많이 배운다.,집합명사(La clase)는 3인칭 단수 취급합니다.,A1,규칙
현재형,Vosotros ( ) regalos para la familia.,comprar,compráis,너희들은 가족을 위해 선물을 산다.,구매 행위를 나타내는 2인칭 복수형입니다.,A1,규칙
현재형,"Usted ( ) muy cansado hoy, ¿no?",parecer,parece,"당신은 오늘 매우 피곤해 보입니다, 그렇죠?",외양이나 상태를 추측하는 동사입니다.,A1,규칙
현재형,Ellos ( ) subir la montaña.,intentar,intentan,그들은 산에 오르는 것을 시도한다.,의도를 가지고 시도하는 행위를 나타냅니다.,A1,규칙
현재형,Nosotras ( ) el autobús aquí.,esperar,esperamos,우리는(여자) 여기서 버스를 기다린다.,대기하는 행위를 나타내는 1인칭 복수형입니다.,A1,규칙
단순과거,Ayer yo ( ) al cine con mis amigos.,ir,fui,어제 나는 친구들과 영화관에 갔다.,이동의 완료를 나타내는 불규칙 과거형(가장 필수)입니다.,A2,불규칙
단순과거,Anoche no ( ) hacer la tarea.,poder,pude,어젯밤 나는 숙제를 할 수 없었다.,과거의 능력 부재(실패)를 나타내는 어간 불규칙 동사입니다.,A2,불규칙(어간)
단순과거,Ella me ( ) la verdad por fin.,decir,dijo,그녀는 마침내 나에게 진실을 말했다.,발화 행위의 완료를 나타내는 필수 불규칙 동사입니다.,A2,불규칙(어간)
불완료과거,"De niño, yo ( ) ser astronauta.",querer,quería,어렸을 때 나는 우주비행사가 되고 싶었다.,과거의 지속적인 소망이나 장래 희망을 묘사합니다.,A2,규칙
단순과거,El año pasado ( ) un coche nuevo.,tener,tuve,작년에 나는 새 차가 생겼다(가졌다).,특정 시점에 소유하게 된 사건(변화)을 나타냅니다.,A2,불규칙(어간)
단순과거,¿Qué ( ) tú el fin de semana?,hacer,hiciste,너 주말에 뭐 했니?,과거의 활동을 묻는 가장 기본적인 질문입니다.,A2,불규칙
불완료과거,"Antes, nosotros ( ) mucho la tele.",ver,veíamos,예전에 우리는 TV를 많이 보곤 했다.,과거의 반복적인 습관을 나타내는 불완료과거입니다.,A2,불규칙
단순과거,"De repente, yo lo ( ) todo.",saber,supe,갑자기 나는 모든 것을 알게 되었다.,saber가 단순과거로 쓰이면 '알게 되다(깨닫다)'는 뜻입니다.,A2,불규칙(어간)
단순과거,Mi tío me ( ) dinero para el bus.,dar,dio,삼촌은 나에게 버스비를 주셨다.,수여 동사의 단순과거형은 매우 빈번하게 쓰입니다.,A2,불규칙
단순과거,El tren ( ) a las ocho en punto.,llegar,llegó,기차는 8시 정각에 도착했다.,도착 시간의 완료를 나타내는 규칙 동사입니다.,A2,규칙
단순과거,¿A qué hora ( ) vosotros de la fiesta?,salir,salisteis,너희들은 파티에서 몇 시에 나갔니?,외출이나 퇴장 행위의 완료를 묻습니다.,A2,규칙
단순과거,Mis padres ( ) ayer de vacaciones.,volver,volvieron,부모님은 어제 휴가에서 돌아오셨다.,귀환의 완료를 나타내는 규칙 어미 변화입니다.,A2,규칙
불완료과거,"Mientras leía, ( ) música clásica.",escuchar,escuchaba,책을 읽는 동안 나는 클래식 음악을 듣고 있었다.,과거의 배경이 되는 진행 동작을 설명합니다.,A2,규칙
단순과거,El bebé ( ) toda la noche.,dormir,durmió,아기는 밤새도록 잤다.,3인칭 단순과거에서 o->u 어간 변화가 일어납니다.,A2,불규칙(어간)
단순과거,Ella ( ) ayuda al profesor.,pedir,pidió,그녀는 선생님께 도움을 청했다.,요청 행위의 완료를 나타내며 e->i 변화가 있습니다.,A2,불규칙(어간)
단순과거,Nosotros ( ) al fútbol ayer.,jugar,jugamos,우리는 어제 축구를 했다.,1인칭 복수 단순과거는 현재형과 형태가 같습니다.,A2,규칙
현재완료,He ( ) las llaves en casa.,dejar,dejado,나는 열쇠를 집에 두고 왔다.,과거의 실수(두고 옴)가 현재(못 들어감)에 영향을 미칩니다.,A2,규칙
현재완료,¿Ya has ( ) la mesa?,poner,puesto,너 벌써 상을 차렸니?,완료된 상태를 묻는 질문이며 분사가 불규칙입니다.,A2,불규칙(분사)
단순과거,Nadie ( ) a la reunión.,venir,vino,아무도 회의에 오지 않았다.,오지 않은 사실(완료)을 나타내는 강한 불규칙 동사입니다.,A2,불규칙(어간)
불완료과거,Siempre ( ) buen tiempo en verano.,hacer,hacía,여름에는 항상 날씨가 좋았다.,과거의 날씨 패턴(상태)을 묘사할 때 씁니다.,A2,불규칙
접속법 현재,Espero que tú ( ) feliz.,ser,seas,네가 행복하기를 바란다.,소망(Espero) 뒤에는 불확실한 미래 상태(접속법)가 옵니다.,B1,불규칙
접속법 현재,No creo que él ( ) en casa.,estar,esté,그가 집에 있을 거라고 생각하지 않는다.,부정적 추측(No creo)은 의심을 나타내므로 접속법을 씁니다.,B1,불규칙
접속법 현재,Dudo que ellos ( ) el problema.,entender,entiendan,그들이 문제를 이해할지 의심스럽다.,의심(Dudo) 뒤 종속절에는 접속법(e->ie)이 옵니다.,B1,불규칙(어간)
접속법 현재,Quiero que me ( ) la verdad.,contar,cuentes,네가 나에게 진실을 말해주기를 원한다.,다른 사람에게 바라는 행동(o->ue)은 접속법을 취합니다.,B1,불규칙(어간)
접속법 현재,Es necesario que ( ) ahora mismo.,empezar,empieces,네가 지금 당장 시작하는 것이 필요하다.,필요성 뒤에 오며 z->c 철자 변화와 e->ie 어간 변화가 겹칩니다.,B1,불규칙(복합)
접속법 현재,Busco a alguien que ( ) la ciudad.,conocer,conozca,이 도시를 아는 사람을 찾습니다.,선행사가 불특정할 때 관계절에 접속법(c->zc)을 씁니다.,B1,불규칙(어간)
접속법 현재,Ojalá ( ) pronto la respuesta.,encontrar,encuentres,네가 곧 답을 찾기를 바란다.,기원(Ojalá) 뒤에는 항상 접속법(o->ue)을 사용합니다.,B1,불규칙(어간)
접속법 현재,Te aconsejo que ( ) más.,practicar,practiques,더 많이 연습할 것을 조언한다.,조언 뒤 종속절에 접속법(c->qu)을 씁니다.,B1,불규칙(철자)
접속법 현재,Es posible que ( ) mañana.,llover,llueva,내일 비가 올 가능성이 있다.,가능성(Es posible) 뒤에 접속법(o->ue)이 옵니다.,B1,불규칙(어간)
접속법 현재,No quiero que ( ) por mí.,pagar,pagues,네가 나를 위해 돈을 내는 것을 원치 않는다.,원함의 부정 뒤에 접속법(g->gu)을 씁니다.,B1,불규칙(철자)
접속법 현재,Es mejor que no ( ) nada.,tocar,toques,아무것도 만지지 않는 게 더 낫다.,가치 판단 뒤에 접속법(c->qu)을 사용합니다.,B1,불규칙(철자)
접속법 현재,"Cuando ( ) a casa, llámame.",llegar,llegues,집에 도착하면 나에게 전화해.,미래의 시간 부사절(Cuando) 뒤에는 접속법(g->gu)이 필수입니다.,B1,불규칙(철자)
접속법 현재,Te pido que no ( ) la puerta.,cerrar,cierres,문을 닫지 말라고 요청한다.,요청(Pedir) 뒤 종속절에는 접속법(e->ie)을 씁니다.,B1,불규칙(어간)
접속법 현재,Siento que te ( ) mal.,sentir,sientas,네 기분이 안 좋다니 유감이다.,감정(Siento) 뒤 종속절에 접속법(e->ie)을 씁니다.,B1,불규칙(어간)
접속법 현재,Es raro que él se ( ) así.,vestir,vista,그가 그렇게 입다니 이상하다.,가치 판단 뒤에 접속법(e->i)이 옵니다.,B1,불규칙(어간)
접속법 과거,"Si ( ) dinero, viajaría por el mundo.",haber,hubiera,"돈이 있다면(존재한다면), 세계 여행을 할 텐데.",현재 사실 반대 가정(If절)에서 'Hay'의 접속법 과거형입니다.,B2,불규칙
접속법 과거,"Si yo ( ) tiempo, iría contigo.",tener,tuviera,시간이 있다면 너와 함께 갈 텐데.,소유의 가정을 나타내는 접속법 과거(필수)입니다.,B2,불규칙(어간)
접속법 과거,Me gustaría que ( ) aquí.,estar,estuvieras,네가 여기 있다면 좋을 텐데.,현재 실현되기 힘든 소망을 정중하게 표현합니다.,B2,불규칙(어간)
접속법 과거,El jefe mandó que ( ) el informe.,traer,trajéramos,상사는 우리가 보고서를 가져오라고 명령했다.,과거의 명령에 따른 행동을 접속법 과거(j 불규칙)로 표현합니다.,B2,불규칙(어간)
접속법 과거,"Si tú me ( ), te ayudaría.",oír,oyeras,"네가 내 말을 듣는다면, 너를 도울 텐데.",가정문 조건절에서 y가 삽입되는 불규칙 동사입니다.,B2,불규칙(철자)
접속법 과거,No creía que el coche ( ) en el garaje.,caber,cupiera,차가 차고에 들어갈 수 있을 거라 생각지 않았다.,과거의 불확실한 판단 뒤에 오는 강한 불규칙 동사입니다.,B2,불규칙(어간)
접속법 과거,Temía que el niño se ( ).,caer,cayera,나는 아이가 넘어질까 봐 두려웠다.,과거의 두려움 뒤에 오는 접속법 과거(y 삽입)입니다.,B2,불규칙(철자)
접속법 과거,Fue necesario que él ( ) del país.,huir,huyera,그가 나라를 떠나는(도망치는) 것이 필요했다.,과거의 필요성 뒤에 오는 접속법 과거(y 삽입)입니다.,B2,불규칙(철자)
접속법 과거,"Si ( ) con cuidado, no chocarías.",conducir,condujeras,조심해서 운전한다면 충돌하지 않을 텐데.,가정문에서 'j'가 들어가는 불규칙 동사입니다.,B2,불규칙(어간)
접속법 과거,El profesor pidió que ( ) el texto.,traducir,tradujéramos,선생님은 우리가 텍스트를 번역할 것을 요청했다.,과거 요청 뒤에 오는 접속법 과거(j 불규칙)입니다.,B2,불규칙(어간)ӹ ,Me gustaria que me ( ) el camino.,mostrar,mostraras,װ   ˷ָ(ָ) ڴµ., Ź̳  Ȳ ӹ Ÿ մϴ.,B2,Ģ
ſϷ,""Cuando llegamos, ya ( ) el internet."",instalar,instalado,츮   ̹ ͳ ġ߾.,""  Ϸ ġ ۾ Ÿϴ. ('habian'     л縸 ǥǳ, ⼱ ս Ϸ) ->  : habian instalado"",B2,Ģ
ſϷ,El ejercito ya ( ) la ciudad.,invadir,habia invadido, ̹ ø ħ߾.,    ߻ ħ Դϴ.,B2,Ģ
ӹ ,Me dolio que me ( ) con tus palabras.,ofender,ofendieras,   ó() ༭  ʹ.,   Ÿ  ӹ Ÿ ϴ.,B2,Ģ
ſϷ,El diario ya ( ) el secreto.,revelar,habia revelado,Ź ̹   ߾.,     ŷ ǥմϴ.,B2,Ģ
ӹ ,""Si tu no me ( ), ganariamos."",traicionar,traicionaras,""װ   ʴ´ٸ, 츮 ̱ ٵ."",  ݴ   ӹ Ÿ մϴ.,B2,Ģ
,Yo ( ) la llave en la cerradura.,meter,meto,  ۿ 踦 ִ´.,ü  (ִ) ϴ 1Ī ܼ Դϴ.,A1,Ģ
,Las flores ( ) muy bien en primavera.,oler,huelen,ɵ  ſ  Ⱑ .,Oler'    'o' 'hue' ϴ ұĢ Դϴ.,A1,ұĢ()
,Mi abuela ( ) un sueter de lana.,tejer,teje,ҸӴϴ  ͸ ߰ϽŴ.,̳  Ȱ Ÿ 3Ī ܼ Դϴ.,A1,Ģ
,Tu ( ) las sabanas despues de lavar.,doblar,doblas,ʴ Ź Ŀ Ʈ (´)., ȯ    մϴ.,A1,Ģ
,Yo me ( ) todas las mananas.,afeitarse,afeito,  ħ 鵵 Ѵ., ź (鵵) Ÿ ͵Դϴ.,A1,Ģ
,El perro ( ) la cola cuando esta feliz.,mover,mueve, ູ   .,  ü  Ÿ  ȭ(o->ue) Ͼϴ.,A1,ұĢ()
,Nosotros ( ) la pared con un taladro.,taladrar,taladramos,츮 帱  մ´., ϴ ü ۾ մϴ.,A1,Ģ
,Los politicos ( ) durante el debate.,debatir,debaten,ġε  ߿ Ѵ.,   Ÿ 3Ī  Դϴ.,A1,Ģ
,Ella ( ) el documento oficial.,firmar,firma,׳   Ѵ.,̶ /  մϴ.,A1,Ģ
,Usted ( ) las cartas en el buzon.,echar,echa, ü뿡  ִ´(ģ).,   ϴ Ī ܼԴϴ.,A1,Ģ
,Los ninos ( ) burbujas de jabon.,soplar,soplan,̵ 񴩰ǰ д., ٶ δ   Ÿϴ.,A1,Ģ
,Yo ( ) el boton para encender.,pulsar,pulso, ѱ  ư .,     մϴ.,A1,Ģ
,El gato ( ) al raton silenciosamente.,acechar,acecha,̴ 㸦  (븰).,̳    Ѻ Դϴ.,A1,Ģ
,Nosotros ( ) la masa del pan.,amasar,amasamos,츮   ġ.,丮   ϴ  մϴ.,A1,Ģ
,La herida ( ) mucho.,sangrar,sangra,ó ǰ  .,ü () Ÿ 3Ī ܼ Դϴ.,A1,Ģ
ܼ,El hombre se ( ) en el rio.,ahogarse,ahogo, ڴ  ͻߴ., (ͻ) Ϸ  մϴ.,A2,Ģ
ܼ,Nos ( ) de casa el mes pasado.,mudarse,mudamos,츮 ޿ ̻縦 ߴ., ̵(̻) Ϸ  Դϴ.,A2,Ģ
ܼ,Romeo se ( ) de Julieta al instante.,enamorarse,enamoro,ι̿ ٸ  ߴ.,    ȭ Ÿϴ.,A2,Ģ
ܼ,Ellos se ( ) en una ceremonia privada.,casarse,casaron,׵   ȥߴ.,ȥ̶ ü 簡 ϷǾϴ.,A2,Ģ
ܼ,Mi tio se ( ) a los 65 anos.,jubilarse,jubilo, 65 ϼ̴., Ȱ ġ   Ÿϴ.,A2,Ģ
ܼ,""De repente, me ( ) de su nombre."",acordarse,acorde,ڱ  ̸ ﳵ.,ذ ִ   (ﳭ) ȲԴϴ.,A2,ұĢ()
ܼ,Yo ( ) el camion con cajas.,cargar,cargue, Ʈ ڵ Ǿ., ƴ  ϷǾ 1Ī g->gu ö ȭ ֽϴ.,A2,ұĢ(ö)
ܼ,Yo ( ) el cartel en la pared.,pegar,pegue,  ͸ ٿ.,  ϷǾ 1Ī g->gu ö ȭ ʿմϴ.,A2,ұĢ(ö)
ܼ,El nino ( ) la moneda por accidente.,tragar,trago,̴ Ǽ  ״.,Ű  ߻ Ÿϴ.,A2,Ģ
ܼ,El juez ( ) al ladron a pagar.,obligar,obligo,ǻ Ͽ   ߴ.,    Դϴ.,A2,Ģ
ܼ,El padre ( ) al hijo sin postre.,castigar,castigo,ƹ Ƶ鿡 Ʈ  ʴ  ȴ.,̳ ó  ϷǾϴ.,A2,Ģ
ҿϷ,Mi abuelo ( ) muy fuerte.,roncar,roncaba,Ҿƹ ڸ ſ ϰ ̴., ݺ  (ڰ) մϴ.,A2,Ģ
ҿϷ,La vaca ( ) la hierba lentamente.,masticar,masticaba,Ҵ Ǯ õõ ð ־.,   ̳  Դ Դϴ.,A2,Ģ
ܼ,Ellos ( ) el viaje con detalle.,planificar,planificaron,׵  ϰ ȹߴ.,ȹ  ܰ谡 ϷǾ Ÿϴ.,A2,Ģ
ܼ,El ejercito ( ) hacia la frontera.,avanzar,avanzo,   ߴ., ̵() Ϸ Դϴ.,A2,Ģ
ܼ,El ( ) dinero a la causa benefica.,contribuir,contribuyo,״ ڼ ü  ߴ.,⿩/  ϷǾ 3Ī y  ȭ ֽϴ.,A2,ұĢ(ö)
ܼ,El autor ( ) el exito a su esposa.,atribuir,atribuyo,۰   Ƴ ȴ.,̳ θ   Ÿϴ(y ).,A2,ұĢ(ö)
ܼ,El rey ( ) con justicia.,regir,rigio, ǷӰ ġߴ.,ġ Ⱓ    ϸ 3Ī e->i ȭ ֽϴ.,A2,ұĢ()
ҿϷ,Ella ( ) de una enfermedad rara.,padecer,padecia,׳ ͺ ΰ ־.,  ȯ̳  ¸ մϴ.,A2,Ģ
ܼ,El testigo ( ) lo que vio.,jurar,juro, װ   ͼߴ.,  ͼ  ϷǾϴ.,A2,Ģ
̷ܼ,Yo ( ) al bebe mientras duerme.,vigilar,vigilare,ƱⰡ ڴ   Ѻ ̴.,̷ ó ȣ  մϴ.,B1,Ģ
ӹ ,Es posible que ellos ( ) de nosotros.,sospechar,sospechen,׵ 츮 ǽ ɼ ִ.,ȮǼ(Es posible) ڿ ӹ Ͽ ǽ Ÿϴ.,B1,Ģ
ӹ ,""Para que ( ) en la universidad, estudia."",ingresar,ingreses,װ п ϱ ؼ ؾ Ѵ.,(Para que) Ÿ  ׻ ӹ ϴ.,B1,Ģ
ӹ ,Quiero que el ( ) sus sentimientos.,expresar,exprese, װ ڽ  ǥϱ⸦ Ѵ.,(Querer)   ӹ մϴ.,B1,Ģ
ӹ ,Sugiero que ( ) la leccion.,repasar,repasemos, 츮     Ѵ.,(Sugerir)   ӹ ϴ.,B1,Ģ
ӹ ,Temo que el humo ( ) problemas.,causar,cause,Ⱑ  ų  ηƴ.,η(Temer)  Ǵ Ȳ ӹ ǥմϴ.,B1,Ģ
ӹ ,No dejes que te ( ) sin pruebas.,acusar,acusen,  ʸ ϰ  ., (No dejes que) ڿ ӹ ϴ.,B1,Ģ
ӹ ,Espero que ella me ( ) por el logro.,felicitar,felicite,׳డ    ֱ⸦ ٶ.,볪  ڿ  Դϴ.,B1,Ģ
ӹ ,Es bueno que ( ) un perro.,adoptar,adopten,׵  Ծϴ   ̴.,ġ Ǵ(Es bueno que) ڿ ӹ ϴ.,B1,Ģ
ӹ ,Hace falta que el se ( ) al cambio.,adaptar,adapte,װ ȭ ϴ  ʿϴ.,ʿ伺(Hace falta que) Ÿ  ڿ ӹ ɴϴ.,B1,Ģ
̷ܼ,Nosotros ( ) los muebles manana.,montar,montaremos,츮    ̴.,̷ ȹ ۾(/ġ) Ÿϴ.,B1,Ģ
̷ܼ,La temperatura ( ) esta tarde.,aumentar,aumentara, Ŀ   ̴., ġ ̷ ȭ մϴ.,B1,Ģ
ɹ,Yo no ( ) esa historia si fuera tu.,inventar,inventaria, ʶ  ̾߱⸦   ٵ.,Yo que tu'  Ȳ  ൿ()Դϴ.,B1,Ģ
ӹ ,Es necesario que el se ( ) ahora.,presentar,presente,װ  ⼮(/Ұ)ϴ  ʿϴ.,ǹ ʿ伺 Ÿ Ī  ڿ ӹ ϴ.,B1,Ģ
ӹ ,Buscamos un actor que ( ) al rey.,representar,represente, ǥ() 츦 ã ִ.,Ư (ã ) ϹǷ ӹ ϴ.,B1,Ģ
ӹ ,El dictador ordeno que se ( ) la rebelion.,suprimir,suprimiera,ڴ ݶ ϶ ߴ., (ordeno)   Դϴ.,B2,Ģ
ӹ ,Tenia miedo de que la noticia le ( ).,deprimir,deprimiera,  ҽ ׸ ϰ   η.,  (miedo) ڿ ӹ Ÿ ϴ.,B2,Ģ
ӹ ,El profesor pidio que el grupo se ( ).,reunir,reuniera, ׷   ûߴ., û(pidio)  ൿ̹Ƿ ӹ Դϴ.,B2,Ģ
ſϷ,""Si hubieras escuchado, lo habrias ( )."",prevenir,prevenido,""װ , װ  ٵ."",  ݴ  (Ϸ)Դϴ.,B2,Ģ
ӹ ,Fue una lastima que el show no nos ( ).,entretener,entretuviera, 츮 ̰    ̾., (lastima) ڿ ӹ (tener Ļ ұĢ) ϴ.,B2,ұĢ()
ſϷ,Ellos ya ( ) la reunion dos veces.,posponer,habian pospuesto,׵ ̹ ȸǸ  ̳ ߾., ź ռ ݺ  Դϴ(poner Ļ ұĢ л).,B2,ұĢ(л)
ӹ ,El gerente queria que yo ( ) el stock.,reponer,repusiera,Ŵ   ϱ⸦ ߴ., (queria) ڿ ӹ (poner Ļ) ϴ.,B2,ұĢ()
ӹ ,Era imposible que el ( ) la empresa.,adquirir,adquiriera,װ  ȸ縦 μϴ  Ұߴ., Ұɼ Ǵ ڿ ӹ (i->ie ȭ ) ϴ.,B2,Ģ
ӹ ,No permiti que nadie me ( ).,contradecir,contradijera,   ݹϴ   ʾҴ., / ڿ ӹ (decir Ļ ұĢ) ϴ.,B2,ұĢ()
ſϷ,El sacerdote ya ( ) el agua.,bendecir,habia bendecido, ̹  ູ߾.,ǽ  Ϸ  Դϴ(л Ģ ).,B2,Ģ
,Yo ( ) estudiante de espanol.,ser,soy, ξ л̴.,""ź, ,    ʴ ü Ÿ  'ser' 縦 ϴ."",A1,ұĢ
,Nosotros ( ) muy cansados hoy.,estar,estamos,츮  ſ ǰϴ.,Ͻ ³  Ÿ  'estar' 縦 մϴ.,A1,ұĢ
,Ella ( ) veinticinco anos.,tener,tiene,׳ 25̴.,ξ ̸   'ser' ƴ  ǹ 'tener' ϴ.,A1,ұĢ()
,En mi barrio ( ) un parque grande.,haber,hay,츮 ׿ ū  ϳ ִ.,  (There is/are) Ÿ  'haber' Ī  'hay' ϴ.,A1,ұĢ
,Yo ( ) al gimnasio todos los dias.,ir,voy,  ü ., ̵ Ÿ   ұĢ Դϴ.,A1,ұĢ
,Me ( ) mucho el chocolate.,gustar,gusta, ݸ ſ Ѵ.,Gustar'  ־ 繰(ݸ)̹Ƿ 3Ī ܼ ϴ.,A1,Ư
,A que hora ( ) tu la tarea?,hacer,haces,ʴ   ÿ ϴ?,ϻ    2Ī ܼ Դϴ.,A1,ұĢ(1Ī)
,Mi padre se ( ) Juan.,llamarse,llama,츮 ƹ  ľ̴.,̸   ͵ 'llamarse' մϴ.,A1,Ģ
,Ellos ( ) en una casa grande.,vivir,viven,׵ ū  .,  Ÿ Ģ Դϴ.,A1,Ģ
,Nosotros ( ) espanol en la escuela.,hablar,hablamos,츮 б ξ Ѵ(Ѵ).,  ɷ Ÿ Ģ Դϴ.,A1,Ģ
,La clase ( ) a las nueve.,empezar,empieza, 9ÿ Ѵ.,ðǥ  Ÿ  (eie) մϴ.,A1,ұĢ()
,Yo no ( ) nadar bien.,poder,puedo,   Ѵ.,ɷ Ÿ    (oue) մϴ.,A1,ұĢ()
,""Tu ( ) cafe con leche, verdad?"",beber,bebes,""ʴ ī׸ ô±, ׷?"",ȣ ǰ 븦 Ÿ Ģ Դϴ.,A1,Ģ
,Usted ( ) muy alto.,hablar,habla, Ҹ ſ ũ(ũ ϳ׿).,ϴ (λ ) ϴ Ī ܼԴϴ.,A1,Ģ
,Que ( ) vosotros ahora?,leer,leeis,   а ִ?,     2Ī Դϴ.,A1,Ģ
ܼ,Ayer yo ( ) al cine con Ana.,ir,fui,  Ƴ ȭ .,Ayer' Ȯ   ̵(Ϸ) Ÿ  ұĢ Դϴ.,A2,ұĢ
ҿϷ,""Cuando era nino, yo ( ) muy bajo."",ser,era,   Ű ſ ۾Ҵ.,  ³ ܸ  ҿϷŸ ϴ.,A2,ұĢ
ܼ,Anoche nosotros ( ) una pizza.,comer,comimos, 츮 ڸ Ծ.,Ư () Ϸ Ļ Դϴ.,A2,Ģ
ҿϷ,""Antes, ella ( ) en Madrid."",vivir,vivia, ׳ 帮忡 Ҵ.,  Ⱓ ӵ  () մϴ.,A2,Ģ
ܼ,El ano pasado ( ) mucho en invierno.,nevar,nevo,۳ ܿ￡   Դ.,۳'̶ Ϸ Ⱓ    մϴ.,A2,Ģ
ҿϷ,""Mientras yo estudiaba, mi madre ( )."",cocinar,cocinaba, ϴ  Ӵϴ 丮ϰ ̴.,ſ ÿ Ǵ   Ÿϴ.,A2,Ģ
ܼ,""De repente, el vaso se ( )."",romper,rompio,ڱ  ., ߻ (Ϸ) մϴ.,A2,Ģ
Ϸ,Hoy no ( ) nada.,desayunar,he desayunado,  ħ ƹ͵  Ծ.,Hoy'ó   ð  /ϷḦ Ÿϴ.,A2,Ģ
ܼ,Que ( ) tu ayer?,hacer,hiciste,   ߴ?, Ư    ʼ ұĢ Դϴ.,A2,ұĢ
ҿϷ,Siempre ( ) sol en verano.,hacer,hacia, ׻  Ҵ(ذ )., ݺ   մϴ.,A2,ұĢ
ܼ,Yo ( ) la verdad en ese momento.,saber,supe,    ˰ Ǿ.,Saber' ܼŷ ̸ '˰ Ǵ(߰ϴ)'  ˴ϴ.,A2,ұĢ()
ҿϷ,Yo no ( ) que estabas aqui.,saber,sabia, װ  ִ  .,  ( ) ҿϷŷ ϴ.,A2,Ģ
ܼ,Ella me ( ) un regalo bonito.,dar,dio,׳    ־.,  ϷǾ Ÿϴ.,A2,ұĢ
Ϸ,Alguna vez ( ) en Espana?,estar,has estado,ο ־  ( ) ִ?,   Ϸ  ַ Դϴ.,A2,ұĢ(л)
ܼ,Mis padres ( ) ayer de viaje.,volver,volvieron,θ  ࿡ ƿ̴.,ȯ  ϷḦ Ÿϴ.,A2,Ģ
Ϸ,""He ( ) las llaves, no puedo entrar."",perder,perdido,踦 Ҿ   ., (н)  ( )  ĥ  ϴ.,A2,Ģ
ܼ,El tren ( ) tarde.,llegar,llego, ʰ ߴ.,̶  ϷḦ մϴ.,A2,Ģ
ҿϷ,A mi abuelo le ( ) caminar.,gustar,gustaba,Ҿƹ ȴ  ϼ̴.,  ̳ ȣ Ÿϴ.,A2,Ģ
Ϸ,Ya ( ) la tarea.,terminar,he terminado, ̹  ´.,Ya'(̹) Բ   ϷḦ մϴ.,A2,Ģ
ܼ,Ellos no ( ) venir a la fiesta.,poder,pudieron,׵ Ƽ   ., Ư Ȳ ɷ /(Ϸ) Ÿϴ.,A2,ұĢ()
̷ܼ,Manana ( ) buen tiempo.,hacer,hara,   ̴.,  ϴ ̷ Դϴ(  ұĢ).,B1,ұĢ()
̷ܼ,El proximo ano yo ( ) a Paris.,viajar,viajare,⿡  ĸ   ̴.,̷ ȹ Ÿ Ģ ̷Դϴ.,B1,Ģ
̷ܼ,Te prometo que te ( ).,llamar,llamare,ʿ ȭϰڴٰ Ұ.,ȭ   Ÿ ̷ Դϴ.,B1,Ģ
ɹ,""Yo en tu lugar, ( ) mas."",estudiar,estudiaria, ʶ θ   ٵ.,   ̴  ǥԴϴ.,B1,Ģ
ӹ ,Espero que tu ( ) feliz.,ser,seas,װ ູϱ⸦ ٶ.,Ҹ(Espero que) ڿ ӹ Ͽ Ȯ ̷ Ÿϴ.,B1,ұĢ
ӹ ,No creo que ( ) verdad.,ser,sea,װ ̶  ʴ´., ǰ(No creo que) ǽ ŸǷ ӹ ϴ.,B1,ұĢ
ӹ ,Dudo que ellos ( ) a tiempo.,llegar,lleguen,׵ ð  ǽɽ.,ǽ(Dudar)    ӹ ϴ.,B1,Ģ
ӹ ,Ojala ( ) pronto.,llover,llueva,  ⸦ ٶ(Ojala)., Ÿ Ojala ڿ ׻ ӹ ϴ(oue).,B1,ұĢ()
ӹ ,""Cuando ( ) a casa, llamame."",llegar,llegues, ϸ  ȭ.,̷ ð λ(Cuando) ڿ ӹ ϴ.,B1,Ģ
ӹ ,Busco una persona que ( ) ingles.,hablar,hable,   ƴ (Ư) ã´.,簡 Ư    ӹ ϴ.,B1,Ģ
ӹ ,Es importante que nosotros ( ) bien.,comer,comamos,츮  Դ  ߿ϴ.,Ī  ġ Ǵ ڿ ӹ մϴ.,B1,Ģ
ӹ ,Te recomiendo que ( ) al medico.,ir,vayas,   õѴ.,õ̳    ӹ ϴ.,B1,ұĢ
ɹ,( ) decirme la hora?,poder,podrias,ð  ֽ  ֳ?,ϰ Ź  ɹ(ǹ) մϴ.,B1,ұĢ()
̷ܼ,Quien ( ) a esta hora?,ser,sera, ð ϱ?, Ȳ  (ȭ ǹ) Ÿ ̷  Դϴ.,B1,ұĢ
ӹ ,Quiero que me ( ) la verdad.,decir,digas,װ   ֱ .,ٸ   /䱸 ӹ մϴ.,B1,ұĢ()
ӹ ,""Si yo ( ) rico, compraria un barco."",ser,fuera, ڶ 踦  ٵ., ǰ ݴǴ  ϴ ǹ ifԴϴ.,B2,ұĢ
ӹ ,""Si ( ) tiempo, iria contigo."",tener,tuviera,ð ִٸ ʿ Բ  ٵ., Ȳ(ð )  ݴ  Ÿϴ.,B2,ұĢ()
ſϷ,""Cuando llegue, la clase ya ( )."",empezar,habia empezado,    ̹ ߾., Ư  ռ Ÿ Ÿϴ.,B2,Ģ
ſϷ,Nunca ( ) algo tan bonito.,ver,habia visto, ׷ Ƹٿ    ().,     縦 մϴ.,B2,ұĢ(л)
ɹ Ϸ,""Si hubieras venido, te ( ) divertido."",divertirse,habrias divertido,װ Դ ſ ٵ.,  ݴ  ( ̴)Դϴ.,B2,Ģ
ӹ ſϷ,""Si no ( ) tanto, no estaria cansado."",trabajar,hubiera trabajado,""׷   ʾҴ,  ǰ  ٵ."",    ̾ ȥ Դϴ.,B2,Ģ
ӹ ,Me gustaria que ( ) aqui conmigo.,estar,estuvieras,װ   Բ ִٸ  ٵ., Ǳ  Ҹ ϰ ǥմϴ.,B2,ұĢ()
ӹ ,El jefe pidio que no ( ) tarde.,llegar,llegaramos,   ûߴ., û/ɿ  ൿ ӹ ŷ ǥմϴ.,B2,Ģ
ſϷ,El ladron ya se ( ) cuando vino la policia.,ir,habia ido,    ̹  .,   Ϸ  ()Դϴ.,B2,ұĢ(л)
ӹ ,No creia que ella ( ) hacerlo.,poder,pudiera, ׳డ װ    Ŷ  ʾҴ.,  Ȯ Ǵ(No creia) ڿ ӹ Ÿ ϴ.,B2,ұĢ()
,Yo soy coreano y ( ) en Seul.,vivir,vivo, ѱ̰ ￡ ., Ÿ   ǥԴϴ.,A1,Ģ
,Los estudiantes ( ) mucho en la biblioteca.,estudiar,estudian,л  θ  Ѵ.,Estudiantes' ־  3Ī  Դϴ.,A1,Ģ
,Mi padre ( ) en una empresa grande.,trabajar,trabaja,ƹ ū ȸ翡 ϽŴ.,̳ ٹó    ʼ Դϴ.,A1,Ģ
,Nosotros ( ) paella todos los viernes.,comer,comemos,츮 ݿϸ Ŀ߸ Դ´.,Ľ Ÿ 1Ī  Ģ Դϴ.,A1,Ģ
,Tu ( ) agua o zumo?,beber,bebes,""ʴ  Ƿ, ֽ Ƿ?"",ô   2Ī ܼԴϴ.,A1,Ģ
,Ella ( ) tres idiomas fluidamente.,hablar,habla,׳ 3  âϰ Ѵ.,  ɷ Ÿ 3Ī ܼԴϴ.,A1,Ģ
,Los ninos ( ) en el parque ahora.,correr,corren,̵   پٴѴ.,   (޸) մϴ.,A1,Ģ
,Yo ( ) la ventana porque hace calor.,abrir,abro,   â .,ϻ () Ÿ 1Ī ܼԴϴ.,A1,Ģ
,Mi madre ( ) un libro cada mes.,leer,lee,Ӵϴ Ŵ å   Ŵ.,  Ÿ 3Ī ܼԴϴ.,A1,Ģ
,Tu ( ) correos muy largos.,escribir,escribes,ʴ    ±.,   ϴ 2Ī ܼԴϴ.,A1,Ģ
,La clase ( ) muchas cosas nuevas.,aprender,aprende, (б) ο   .,ո(La clase) 3Ī ܼ մϴ.,A1,Ģ
,Vosotros ( ) regalos para la familia.,comprar,comprais,    .,  Ÿ 2Ī Դϴ.,A1,Ģ
,""Usted ( ) muy cansado hoy, no?"",parecer,parece,""  ſ ǰ Դϴ, ׷?"",ܾ̳ ¸ ϴ Դϴ.,A1,Ģ
,Ellos ( ) subir la montana.,intentar,intentan,׵ 꿡   õѴ.,ǵ  õϴ  Ÿϴ.,A1,Ģ
,Nosotras ( ) el autobus aqui.,esperar,esperamos,츮() ⼭  ٸ.,ϴ  Ÿ 1Ī Դϴ.,A1,Ģ
ܼ,Ayer yo ( ) al cine con mis amigos.,ir,fui,  ģ ȭ .,̵ ϷḦ Ÿ ұĢ ( ʼ)Դϴ.,A2,ұĢ
ܼ,Anoche no ( ) hacer la tarea.,poder,pude,     ., ɷ () Ÿ  ұĢ Դϴ.,A2,ұĢ()
ܼ,Ella me ( ) la verdad por fin.,decir,dijo,׳ ħ   ߴ.,ȭ  ϷḦ Ÿ ʼ ұĢ Դϴ.,A2,ұĢ()
ҿϷ,""De nino, yo ( ) ser astronauta."",querer,queria,   ֺ簡 ǰ ;.,  Ҹ̳ 巡  մϴ.,A2,Ģ
ܼ,El ano pasado ( ) un coche nuevo.,tener,tuve,۳⿡    ().,Ư  ϰ  (ȭ) Ÿϴ.,A2,ұĢ()
ܼ,Que ( ) tu el fin de semana?,hacer,hiciste, ָ  ߴ?, Ȱ   ⺻ Դϴ.,A2,ұĢ
ҿϷ,""Antes, nosotros ( ) mucho la tele."",ver,veiamos, 츮 TV   ߴ., ݺ  Ÿ ҿϷԴϴ.,A2,ұĢ
ܼ,""De repente, yo lo ( ) todo."",saber,supe,ڱ    ˰ Ǿ.,saber ܼŷ ̸ '˰ Ǵ(ݴ)' Դϴ.,A2,ұĢ()
ܼ,Mi tio me ( ) dinero para el bus.,dar,dio,   ̴ּ.,  ܼ ſ ϰ Դϴ.,A2,ұĢ
ܼ,El tren ( ) a las ocho en punto.,llegar,llego, 8  ߴ., ð ϷḦ Ÿ Ģ Դϴ.,A2,Ģ
ܼ,A que hora ( ) vosotros de la fiesta?,salir,salisteis, Ƽ  ÿ ?,̳   ϷḦ ϴ.,A2,Ģ
ܼ,Mis padres ( ) ayer de vacaciones.,volver,volvieron,θ  ް ƿ̴.,ȯ ϷḦ Ÿ Ģ  ȭԴϴ.,A2,Ģ
ҿϷ,""Mientras leia, ( ) musica clasica."",escuchar,escuchaba,å д   Ŭ   ־.,  Ǵ   մϴ.,A2,Ģ
ܼ,El bebe ( ) toda la noche.,dormir,durmio,Ʊ  .,3Ī ܼſ o->u  ȭ Ͼϴ.,A2,ұĢ()
ܼ,Ella ( ) ayuda al profesor.,pedir,pidio,׳ Բ  ûߴ.,û  ϷḦ Ÿ e->i ȭ ֽϴ.,A2,ұĢ()
ܼ,Nosotros ( ) al futbol ayer.,jugar,jugamos,츮  ౸ ߴ.,1Ī  ܼŴ  ° ϴ.,A2,Ģ
Ϸ,He ( ) las llaves en casa.,dejar,dejado, 踦  ΰ Դ., Ǽ(ΰ ) ( )  Ĩϴ.,A2,Ģ
Ϸ,Ya has ( ) la mesa?,poner,puesto,   ȴ?,Ϸ ¸  ̸ л簡 ұĢԴϴ.,A2,ұĢ(л)
ܼ,Nadie ( ) a la reunion.,venir,vino,ƹ ȸǿ  ʾҴ.,  (Ϸ) Ÿ  ұĢ Դϴ.,A2,ұĢ()
ҿϷ,Siempre ( ) buen tiempo en verano.,hacer,hacia, ׻  Ҵ.,  ()   ϴ.,A2,ұĢ
ӹ ,Espero que tu ( ) feliz.,ser,seas,װ ູϱ⸦ ٶ.,Ҹ(Espero) ڿ Ȯ ̷ (ӹ) ɴϴ.,B1,ұĢ
ӹ ,No creo que el ( ) en casa.,estar,este,װ   Ŷ  ʴ´., (No creo) ǽ ŸǷ ӹ ϴ.,B1,ұĢ
ӹ ,Dudo que ellos ( ) el problema.,entender,entiendan,׵   ǽɽ.,ǽ(Dudo)   ӹ(e->ie) ɴϴ.,B1,ұĢ()
ӹ ,Quiero que me ( ) la verdad.,contar,cuentes,װ   ֱ⸦ Ѵ.,ٸ  ٶ ൿ(o->ue) ӹ մϴ.,B1,ұĢ()
ӹ ,Es necesario que ( ) ahora mismo.,empezar,empieces,װ   ϴ  ʿϴ.,ʿ伺 ڿ  z->c ö ȭ e->ie  ȭ Ĩϴ.,B1,ұĢ()
ӹ ,Busco a alguien que ( ) la ciudad.,conocer,conozca, ø ƴ  ãϴ.,簡 Ư   ӹ(c->zc) ϴ.,B1,ұĢ()
ӹ ,Ojala ( ) pronto la respuesta.,encontrar,encuentres,װ   ã⸦ ٶ.,(Ojala) ڿ ׻ ӹ(o->ue) մϴ.,B1,ұĢ()
ӹ ,Te aconsejo que ( ) mas.,practicar,practiques,    Ѵ.,   ӹ(c->qu) ϴ.,B1,ұĢ(ö)
ӹ ,Es posible que ( ) manana.,llover,llueva,   ɼ ִ.,ɼ(Es posible) ڿ ӹ(o->ue) ɴϴ.,B1,ұĢ()
ӹ ,No quiero que ( ) por mi.,pagar,pagues,װ      ġ ʴ´.,  ڿ ӹ(g->gu) ϴ.,B1,ұĢ(ö)
ӹ ,Es mejor que no ( ) nada.,tocar,toques,ƹ͵  ʴ   .,ġ Ǵ ڿ ӹ(c->qu) մϴ.,B1,ұĢ(ö)
ӹ ,""Cuando ( ) a casa, llamame."",llegar,llegues, ϸ  ȭ.,̷ ð λ(Cuando) ڿ ӹ(g->gu) ʼԴϴ.,B1,ұĢ(ö)
ӹ ,Te pido que no ( ) la puerta.,cerrar,cierres,   ûѴ.,û(Pedir)   ӹ(e->ie) ϴ.,B1,ұĢ()
ӹ ,Siento que te ( ) mal.,sentir,sientas,   ٴ ̴.,(Siento)   ӹ(e->ie) ϴ.,B1,ұĢ()
ӹ ,Es raro que el se ( ) asi.,vestir,vista,װ ׷ Դٴ ̻ϴ.,ġ Ǵ ڿ ӹ(e->i) ɴϴ.,B1,ұĢ()
ӹ ,""Si ( ) dinero, viajaria por el mundo."",haber,hubiera,"" ִٸ(Ѵٸ),    ٵ."",  ݴ (If) 'Hay' ӹ Դϴ.,B2,ұĢ
ӹ ,""Si yo ( ) tiempo, iria contigo."",tener,tuviera,ð ִٸ ʿ Բ  ٵ.,  Ÿ ӹ (ʼ)Դϴ.,B2,ұĢ()
ӹ ,Me gustaria que ( ) aqui.,estar,estuvieras,װ  ִٸ  ٵ., Ǳ  Ҹ ϰ ǥմϴ.,B2,ұĢ()
ӹ ,El jefe mando que ( ) el informe.,traer,trajeramos, 츮   ߴ., ɿ  ൿ ӹ (j ұĢ) ǥմϴ.,B2,ұĢ()
ӹ ,""Si tu me ( ), te ayudaria."",oir,oyeras,""װ   ´ٸ, ʸ  ٵ."",  y ԵǴ ұĢ Դϴ.,B2,ұĢ(ö)
ӹ ,No creia que el coche ( ) en el garaje.,caber,cupiera,     Ŷ  ʾҴ., Ȯ Ǵ ڿ   ұĢ Դϴ.,B2,ұĢ()
ӹ ,Temia que el nino se ( ).,caer,cayera, ̰ Ѿ  η., η ڿ  ӹ (y )Դϴ.,B2,ұĢ(ö)
ӹ ,Fue necesario que el ( ) del pais.,huir,huyera,װ  (ġ)  ʿߴ., ʿ伺 ڿ  ӹ (y )Դϴ.,B2,ұĢ(ö)
ӹ ,""Si ( ) con cuidado, no chocarias."",conducir,condujeras,ؼ Ѵٸ 浹  ٵ., 'j'  ұĢ Դϴ.,B2,ұĢ()
ӹ ,El profesor pidio que ( ) el texto.,traducir,tradujeramos, 츮 ؽƮ   ûߴ., û ڿ  ӹ (j ұĢ)Դϴ.,B2,ұĢ()
